"Molimo, Maro-Sorcerer",瑪洛術士莫黎墨,傳奇生物～ 元素,"踐踏#（若此生物將造成的戰鬥傷害足以消滅所有阻擋它的生物，你可以使它對防禦玩家造成所剩餘數量的傷害。）#
瑪洛術士莫黎墨的力量與防禦力各等同於由你操控的地之數量。"
Reya Dawnbringer,黎明使者蕾亞,傳奇生物～ 天使,"飛行#（只有具飛行或延勢異能的生物才能阻擋它。）#
在你的維持開始時，你可以將目標生物牌從你的墳墓場移回場上。"
"Kamahl, Pit Fighter",死鬥戰士卡馬爾,傳奇生物～ 人類／野蠻人,"敏捷#（此生物受你操控時便能攻擊與{T}。）#
{T}：死鬥戰士卡馬爾對目標生物或玩家造成3點傷害。"
"Mirri, Cat Warrior",貓戰士米麗,傳奇生物～ 貓／戰士,先攻，樹林行者，警戒#（此生物會比不具先攻異能的生物提前造成戰鬥傷害；只要防禦玩家操控樹林，它便不能被阻擋；且此生物攻擊時不需橫置。）#
Arcanis the Omnipotent,全能的阿卡尼思,傳奇生物～ 魔法師,"{T}：抽三張牌。
{2}{U}{U}：將全能的阿卡尼思移回其擁有者手上。"
Phage the Untouchable,不可近的菲姬,傳奇生物～ 奴僕,"當不可近的菲姬進場時，若你並非從你手上使用之，你輸掉這盤遊戲。
每當菲姬對任一生物造成戰鬥傷害時，消滅該生物。 它不能重生。
每當菲姬對任一玩家造成戰鬥傷害時，該玩家輸掉這盤遊戲。"
Forbidding Watchtower,險要的瞭望臺,地,"險要的瞭望臺須橫置進場。
{T}：加{W}到你的魔法力池中。
{1}{W}：直到回合結束，險要的瞭望臺成為1/5白色士兵生物。 它仍然是地。"
Treetop Village,樹頂村落,地,"樹頂村落須橫置進場。
{T}：加{G}到你的魔法力池中。
{1}{G}：直到回合結束，樹頂村落成為3/3綠色，具踐踏異能的猿猴生物。 它仍然是地。 #（若它將造成的戰鬥傷害足以消滅所有阻擋它的生物，你可以使它對防禦玩家造成所剩餘數量的傷害。）#"
"Squee, Goblin Nabob",鬼怪總督斯奎,傳奇生物～ 鬼怪,在你的維持開始時，你可以將鬼怪總督斯奎從你的墳墓場移回你手上。
Jayemdae Tome,神秘巨著,神器,{4}，{T}：抽一張牌。
Rhox,羅克犀龍,生物～ 野獸,"你可以讓羅克犀龍如同未受阻擋地對防禦玩家造成戰鬥傷害。
{2}{G}：重生羅克犀龍。 #（如果此生物下一次於本回合中將被消滅，則它不會被消滅， 而是改為將它橫置，移除受過的所有傷害，並將它移出戰鬥。）#"
Ascendant Evincar,天威大魔將,傳奇生物～ 吸血鬼,"飛行#（只有具飛行或延勢異能的生物才能阻擋它。）#
其他黑色生物得+1/+1。
非黑色生物得-1/-1。"
Faerie Conclave,仙靈議場,地,"仙靈議場須橫置進場。
{T}：加{U}到你的魔法力池中。
{1}{U}：直到回合結束，仙靈議場成為2/1藍色，具飛行異能的仙靈生物。 它仍然是地。 #（只有具飛行或延勢異能的生物才能阻擋它。）#"
Platinum Angel,白金天使,神器生物～ 天使,"飛行#（只有具飛行或延勢異能的生物才能阻擋它。）#
你這盤遊戲不會輸，對手也不會贏。"
Razormane Masticore,銳鬃異獅,神器生物～ 異獅,"先攻#（此生物會比不具先攻異能的生物提前造成戰鬥傷害。）#
在你的維持開始時，除非你棄一張牌，否則犧牲銳鬃異獅。
在你的抽牌步驟開始時，你可以讓銳鬃異獅對目標生物造成3點傷害。"
March of the Machines,器械進擊,結界,每個非生物的神器都是神器生物，並且力量和防禦力各等同於其總魔法力費用。 #（若武具本身是生物，便無法由生物佩帶。）#
Spawning Pool,孳息之池,地,"孳息之池須橫置進場。
{T}：加{B}到你的魔法力池中。
{1}{B}：直到回合結束，孳息之池成為1/1黑色骷髏妖生物，且具有「{B}：重生此生物」。 它仍然是地。 #（如果它重生，則本回合中它下一次將被消滅時，並不會被消滅， 而是改為將它橫置，移除受過的所有傷害，並將它移出戰鬥。）#"
Ghitu Encampment,基圖營地,地,"基圖營地須橫置進場。
{T}：加{R}到你的魔法力池中。
{1}{R}：直到回合結束，基圖營地成為2/1紅色，具先攻異能的戰士生物。 它仍然是地。 #（此生物會比不具先攻異能的生物提前造成戰鬥傷害。）#"
Adarkar Wastes,阿達卡荒野,地,"{T}：加{1}到你的魔法力池中。
{T}：加{W}或{U}到你的魔法力池中。 阿達卡荒野對你造成1點傷害。"
Air Elemental,大氣元素,生物～ 元素,飛行#（只有具飛行異能的生物才能阻擋它。）#
Angel of Mercy,慈悲天使,生物～ 天使,"飛行#（只有具飛行或延勢異能的生物才能阻擋它。）#
當慈悲天使進場時，你獲得3點生命。"
Angel's Feather,天使翎羽,神器,每當玩家使用任何白色咒語時，你可以獲得1點生命。
Aven Cloudchaser,艾文逐雲戰士,生物～ 鳥／士兵,"飛行#（只有具飛行或延勢異能的生物才能阻擋它。） #
當艾文逐雲戰士進場時，消滅目標結界。"
Snapping Drake,閃光龍獸,生物～ 龍獸,飛行#（只有具飛行或延勢異能的生物才能阻擋它。）#
Aven Windreader,艾文風信師,生物～ 鳥／士兵／魔法師,"飛行#（只有具飛行或延勢異能的生物才能阻擋它。）#
{1}{U}：目標玩家展示其牌庫頂牌。"
Ballista Squad,巨弩小隊,生物～ 人類／反抗軍,{X}{W}，{T}：巨弩小隊對目標進行攻擊或阻擋的生物造成X點傷害。
Battlefield Forge,戰場鎔爐,地,"{T}：加{1}到你的魔法力池中。
{T}：加{R}或{W}到你的魔法力池中。 戰場鎔爐對你造成1點傷害。"
Crucible of Worlds,世間錘鍊,神器,你可以從你墳墓場中使用地牌。
Blaze,焰球,巫術,焰球對目標生物或玩家造成X點傷害。
Dusk Imp,薄暮小惡魔,生物～ 小惡魔,飛行#（只有具飛行或延勢異能的生物才能阻擋它。）#
Bog Wraith,腐沼鬼魂,生物～ 鬼魂,沼澤行者#（只要防禦玩家操控沼澤，此生物便不能被阻擋。）#
Boomerang,回力鏢,瞬間,將目標永久物移回其擁有者手上。
Bottle Gnomes,瓶子侏儒,神器生物～ 地侏,犧牲瓶子侏儒：你獲得3點生命。
Brushland,矮叢林地,地,"{T}：加{1}到你的魔法力池中。
{T}：加{G}或{W}到你的魔法力池中。 矮叢林地對你造成1點傷害。"
Caves of Koilos,喀洛斯洞窟,地,"{T}：加{1}到你的魔法力池中。
{T}：加{W}或{B}到你的魔法力池中。 喀洛斯洞窟對你造成1點傷害。"
Clone,仿生妖,生物～ 變形獸,於仿生妖進場時，你可以選擇場上的一個生物。 若你如此作，則仿生妖進場時為該生物的複製。
Coat of Arms,武裝外衣,神器,對每個生物而言，場上每有一個具共通之生物類別的其他生物，它便得+1/+1。 #（例如，若場上有一個鬼怪／戰士，一個鬼怪／斥候，以及一個殭屍／鬼怪，則它們各得+2/+2。）#
Consume Spirit,吞噬靈魂,巫術,"只能以黑色魔法力支付X。
吞噬靈魂對目標生物或玩家造成X點傷害，且你獲得X點生命。"
Sunken Hope,沈淪的希望,結界,在每位玩家的維持開始時，該玩家將一個由他操控的生物移回其擁有者手上。
Kavu Climber,攀爬卡甫,生物～ 卡甫,當攀爬卡甫進場時，抽一張牌。
Creeping Mold,爬行腐霉,巫術,消滅目標神器，結界，或地。
Skyhunter Skirmisher,偵衛空獵者,生物～ 貓／騎士,飛行，連擊#（只有具飛行或延勢異能的生物才能阻擋它，且它能造成先攻與普通戰鬥傷害。）#
Cruel Edict,殘酷勒令,巫術,目標對手犧牲一個生物。
Dehydration,脫水,結界～ 靈氣,"生物結界#（於使用時指定一個生物為目標。 此牌進場時結附在該生物上。）#
受此結界的生物於其操控者的重置步驟中不能重置。"
Demolish,毀壞,巫術,消滅目標神器或地。
Demon's Horn,惡魔犄角,神器,每當玩家使用任何黑色咒語時，你可以獲得1點生命。
Demystify,揭秘,瞬間,消滅目標結界。
Diabolic Tutor,惡魔導師,巫術,從你的牌庫中搜尋一張牌並置於你手上。 然後將你的牌庫洗牌。
Pithing Needle,穿髓金針,神器,"於穿髓金針進場時，說出一個牌名。
除了魔法力異能之外，具有該名稱之來源的起動式異能都不能使用。"
Dragon's Claw,巨龍鈎爪,神器,每當玩家使用任何紅色咒語時，你可以獲得1點生命。
Drudge Skeletons,苦力骷髏妖,生物～ 骷髏妖,{B}：重生苦力骷髏妖。 #（如果此生物下一次於本回合中將被消滅，則它不會被消滅， 而是改為將它橫置，移除受過的所有傷害，並將它移出戰鬥。）#
Elvish Berserker,妖精狂戰士,生物～ 妖精／狂戰士,每當妖精狂戰士被阻擋時，每有一個生物阻擋它，它便得+1/+1直到回合結束。
Elvish Champion,妖精鬥士,生物～ 妖精,其他妖精生物得+1/+1並具有樹林行者異能。 #（只要防禦玩家操控樹林，它們便不能被阻擋。）#
Elvish Piper,妖精吹笛手,生物～ 妖精／祭師,{G}，{T}：你可以將一張生物牌從你手上放置進場。
Llanowar Sentinel,羅堰哨兵,生物～ 妖精,當羅堰哨兵進場時，你可以支付{1}{G}。 若你如此作，則從你的牌庫中搜尋一張名稱為羅堰哨兵的牌，展示該牌並將之放置進場。 然後將你的牌庫洗牌。
Evacuation,逃難,瞬間,將所有生物移回其擁有者手上。
Fear,恐懼,結界～ 靈氣,"生物結界#（於使用時指定一個生物為目標。 此牌進場時結附在該生物上。）#
受此結界的生物具有恐懼異能。 #（此生物只能被神器和／或黑色生物阻擋。）#"
Festering Goblin,潰傷鬼怪,生物～ 殭屍／鬼怪,當潰傷鬼怪從場上進入墳墓場時，目標生物得-1/-1直到回合結束。
Firebreathing,炎息,結界～ 靈氣,"生物結界#（於使用時指定一個生物為目標。 此牌進場時結附在該生物上。）#
{R}：受此結界的生物得+1/+0直到回合結束。"
Shimmering Wings,閃爍光翼,結界～ 靈氣,"生物結界#（於使用時指定一個生物為目標。 此牌進場時結附在該生物上。）#
受此結界的生物具有飛行異能。 #（只有具飛行或延勢異能的生物才能阻擋它。）#
{U}：將閃爍光翼移回其擁有者手上。"
Earth Elemental,大地元素,生物～ 元素,
Wild Griffin,野生獅鷲,生物～ 獅鷲,飛行#（只有具飛行或延勢異能的生物才能阻擋它。）#
Highway Robber,大道搶匪,生物～ 人類／傭兵,當大道搶匪進場時，你獲得2點生命且目標對手失去2點生命。
Furnace of Rath,瑞斯大熔爐,結界,若某來源將對任一生物或玩家造成傷害，則改為它對該生物或玩家造成兩倍的傷害。
Giant Growth,變巨術,瞬間,目標生物得+3/+3直到回合結束。
Giant Spider,巨型蜘蛛,生物～ 蜘蛛,延勢#（此生物能阻擋具飛行異能的生物。）#
Glorious Anthem,輝煌的讚美詩,結界,由你操控的生物得+1/+1。
Knight of Dusk,薄暮騎士,生物～ 人類／騎士,{B}{B}：消滅目標阻擋薄暮騎士的生物。
Spark Elemental,星火元素,生物～ 元素,"踐踏，敏捷#（若此生物將造成的戰鬥傷害足以消滅所有阻擋它的生物，你可以使它對防禦玩家造成所剩餘數量的傷害。 此生物受你操控時便能攻擊與{T}。）#
在回合結束時，犧牲星火元素。"
Goblin King,鬼怪王,生物～ 鬼怪,其他鬼怪生物得+1/+1並具有山脈行者異能。 #（只要防禦玩家操控山脈，這些生物便不能被阻擋。）#
Duct Crawler,水道蝨蟲,生物～ 昆蟲,{1}{R}：目標生物本回合中不能阻擋水道蝨蟲。
Goblin Piker,鬼怪長矛兵,生物～ 鬼怪／戰士,
Goblin Sky Raider,鬼怪空擊隊,生物～ 鬼怪／戰士,飛行#（只有具飛行或延勢異能的生物才能阻擋它。）#
Grave Pact,墓約,結界,每當一個由你操控的生物從場上置入墳墓場時，其他每位玩家各犧牲一個生物。
Gravedigger,掘墓怪,生物～ 殭屍,當掘墓怪進場時，你可以將目標生物牌從你的墳墓場移回你手上。
Grizzly Bears,灰棕熊,生物～ 熊,
Guerrilla Tactics,游擊策略,瞬間,"游擊策略對目標生物或玩家造成2點傷害。
當由對手所操控的咒語或異能使得你從手上棄掉游擊策略時，游擊策略對目標生物或玩家造成4點傷害。"
Contaminated Bond,污化羈絆,結界～ 靈氣,"生物結界#（於使用時指定一個生物為目標。 此牌進場時結附在該生物上。）#
每當受此結界的生物進行攻擊或阻擋時，此生物的操控者失去3點生命。"
Hill Giant,山丘巨人,生物～ 巨人,
Holy Day,聖日,瞬間,於本回合中，防止將造成的所有戰鬥傷害。
Holy Strength,神聖之力,結界～ 靈氣,"生物結界#（於使用時指定一個生物為目標。 此牌進場時結附在該生物上。）#
受此結界的生物得+1/+2。"
Honor Guard,儀隊兵,生物～ 人類／士兵,{W}：儀隊兵得+0/+1直到回合結束。
Horseshoe Crab,馬蹄蟹,生物～ 蟹,{U}：重置馬蹄蟹。
Howling Mine,嚎叫的礦井,神器,在每位玩家的抽牌步驟開始時，若嚎叫的礦井並未橫置，則該玩家抽一張牌。
Hunted Wumpus,捕獲的獅頭象,生物～ 野獸,當捕獲的獅頭象進場時，其他每位玩家都可以從其手上將一張生物牌放置進場。
Hypnotic Specter,催眠幽靈,生物～ 幽靈,"飛行#（只有具飛行或延勢異能的生物才能阻擋它。）#
每當催眠幽靈向對手造成傷害時，該玩家隨機棄一張牌。"
Icy Manipulator,寒冰操弄器,神器,{1}，{T}：橫置目標神器，生物或地。
Tundra Wolves,苔原狼,生物～ 狼,先攻#（此生物會比不具先攻異能的生物提前造成戰鬥傷害。）#
True Believer,真信者,生物～ 人類／僧侶,你具有帷幕異能。 #（你不能成為咒語或異能的目標。）#
Karplusan Forest,卡普路桑森林,地,"{T}：加{1}到你的魔法力池中。
{T}：加{R}或{G}到你的魔法力池中。 卡普路桑森林對你造成1點傷害。"
Kraken's Eye,巨怪碩眼,神器,每當玩家使用任何藍色咒語時，你可以獲得1點生命。
Lava Axe,熔岩斧,巫術,熔岩斧對目標玩家造成5點傷害。
Lightning Elemental,閃電元素,生物～ 元素,敏捷#（此生物受你操控時便能攻擊與{T}。）#
Llanowar Elves,羅堰妖精,生物～ 妖精／德魯伊,{T}：加{G}到你的魔法力池中。
Llanowar Wastes,羅堰荒野,地,"{T}：加{1}到你的魔法力池中。
{T}：加{B}或{G}到你的魔法力池中。 羅堰荒野對你造成1點傷害。"
Looming Shade,昏暗陰魂,生物～ 陰魂,{B}：昏暗陰魂得+1/+1直到回合結束。
Lord of the Undead,不死生物大帝,生物～ 殭屍,"其他殭屍生物得+1/+1。
{1}{B}，{T}：將目標殭屍牌從你的墳墓場移回你手上。"
Loxodon Warhammer,象族戰鎚,神器～ 武具,"佩帶此武具的生物得+3/+0，且具有繫命與踐踏異能。 #（當它造成傷害時，你獲得等量的生命。 若它將造成的戰鬥傷害足以消滅所有阻擋它的生物，你可以使它對防禦玩家造成所剩餘數量的傷害。）#
佩帶{3}#（{3}：裝備在目標由你操控的生物上； 佩帶的時機視同巫術。）#"
Lumengrid Warden,博識都護持師,生物～ 人類／魔法師,
Mahamoti Djinn,神燈巨靈,生物～ 巨靈,飛行#（只有具飛行或延勢異能的生物才能阻擋它。）#
Loxodon Mystic,象族秘教徒,生物～ 象／僧侶,{W}，{T}：橫置目標生物。
Megrim,偏頭痛,結界,每當對手棄一張牌時，偏頭痛對該玩家造成2點傷害。
Might of Oaks,橡樹之力,瞬間,目標生物得+7/+7直到回合結束。
Millstone,研磨石輪,神器,{2}，{T}：目標玩家將其牌庫頂的兩張牌置入其墳墓場。
Mind Bend,曲解心意,瞬間,更改目標永久物的規則敘述文字；將其中一種顏色文字全部更改為另一種，或是將一種基本地類別文字全部更改為另一種。 #（例如你可以將「非黑生物」修改為「非綠生物」，或是將「樹林行者」修改為「海島行者」。此效應不因回合結束而終止。）#
Mind Rot,心之衰,巫術,目標玩家棄兩張牌。
Mortivore,噬歿獸,生物～ 拉高耶夫,"噬歿獸的力量和防禦力各等同於所有墳墓場中的生物牌之數量。
{B}：重生噬歿獸。 #（如果此生物下一次於本回合中將被消滅，則它不會被消滅， 而是改為將它橫置，移除受過的所有傷害，並將它移出戰鬥。）#"
Nantuko Husk,空殼螳人,生物～ 殭屍／昆蟲,犧牲一個生物：空殼螳人得+2/+2直到回合結束。
Natural Spring,天然泉水,巫術,目標玩家獲得8點生命。
Naturalize,回歸自然,瞬間,消滅目標神器或結界。
Nekrataal,尼可拉塔,生物～ 人類／殺手,"先攻#（此生物會比不具先攻異能的生物提前造成戰鬥傷害。）#
當尼可拉塔進場時，消滅目標非神器且非黑色的生物。 該生物不能重生。"
Nightmare,夢魘,生物～ 夢魘,"飛行#（只有具飛行或延勢異能的生物才能阻擋它。）#
夢魘的力量及防禦力各等同於由你操控的沼澤之數量。"
Orcish Artillery,半獸人的大炮,生物～ 半獸人／戰士,{T}：半獸人的大炮對目標生物或玩家造成2點傷害，並且對你造成3點傷害。
Ornithopter,撲翼機,神器生物～ 振翼機,飛行#（只有具飛行或延勢異能的生物才能阻擋它。）#
Pacifism,和平主義,結界～ 靈氣,"生物結界#（於使用時指定一個生物為目標。 此牌進場時結附在該生物上。）#
受此結界的生物不能進行攻擊或阻擋。"
Paladin en-Vec,維克族神聖武士,生物～ 人類／騎士,先攻，反黑保護，反紅保護#（此生物會比不具先攻異能的生物提前造成戰鬥傷害。 它不能被任何黑色或紅色的東西所阻擋，指定為目標，造成傷害，或是被結附。）#
Angelic Wall,天使聖牆,生物～ 牆,守軍，飛行#（此生物不能攻擊，且能阻擋具飛行異能的生物。）#
Time Stretch,時間延展,巫術,目標玩家在本回合後進行額外的兩個回合。
Plague Beetle,疫病甲蟲,生物～ 昆蟲,沼澤行者#（只要防禦玩家操控沼澤，此生物便不能被阻擋。）#
Plague Wind,疫病之風,巫術,消滅所有不由你操控的生物。 它們不能重生。
Puppeteer,操偶師,生物～ 人類／魔法師,{U}，{T}：你可以橫置或重置目標生物。
Quicksand,流沙,地,"{T}：加{1}到你的魔法力池中。
{T}，犧牲流沙：目標進行攻擊，且不具飛行異能的生物得-1/-2直到回合結束。"
Raging Goblin,憤怒鬼怪,生物～ 鬼怪／狂戰士,敏捷#（此生物受你操控時便能攻擊與{T}。）#
Rampant Growth,徒長,巫術,從你的牌庫中搜尋一張基本地牌，並將之橫置進場。 然後將你的牌庫洗牌。
Ravenous Rats,貪吃老鼠,生物～ 老鼠,當貪吃老鼠進場時，目標對手棄一張牌。
Severed Legion,斷肢軍團兵,生物～ 殭屍,恐懼#（此生物只能被神器和／或黑色生物阻擋。）#
Regeneration,重生,結界～ 靈氣,"生物結界#（於使用時指定一個生物為目標。 此牌進場時結附在該生物上。）#
{G}：重生受此結界的生物。 #（如果該生物下一次於本回合中將被消滅，則它不會被消滅， 而是改為將它橫置，移除受過的所有傷害，並將它移出戰鬥。）#"
Relentless Assault,無情的突襲,巫術,重置所有於本回合中曾經攻擊的生物。 在此行動階段後，額外多出一個戰鬥階段，以及接於其後之一個額外的行動階段。
Reminisce,追憶過往,巫術,目標玩家將其墳墓場洗回牌庫。
Remove Soul,移魂術,瞬間,反擊目標生物咒語。
Rod of Ruin,遺跡棍棒,神器,{3}，{T}：遺跡棍棒對目標生物或玩家造成1點傷害。
Rootwalla,蘿特瓦拉,生物～ 蜥蜴,{1}{G}：蘿特瓦拉得+2/+2直到回合結束。 此異能每回合中只能使用一次。
Royal Assassin,皇家刺客,生物～ 人類／殺手,{T}：消滅目標已橫置的生物。
Bloodfire Colossus,血焰巨像,生物～ 巨人,{R}，犧牲血焰巨像：血焰巨像對每個生物和每位玩家各造成6點傷害。
Angelic Chorus,天使的合唱,結界,每當一個生物在你的操控下進場時，你獲得等同於其防禦力的生命。
Angelic Blessing,天使的祝福,巫術,目標生物得+3/+3並獲得飛行異能直到回合結束。 #（只有具飛行或延勢異能的生物才能阻擋它。）#
Rock Badger,岩獾,生物～ 野獸,山脈行者#（只要防禦玩家操控山脈，此生物便不能被阻擋。）#
Mobilization,動員時期,結界,"士兵生物具有警戒異能。 #（它們攻擊時不需橫置。）#
{2}{W}：將一個1/1白色士兵衍生物放置進場。"
Scathe Zombies,枯萎殭屍,生物～ 殭屍,
Sea Monster,大海妖,生物～ 巨蛇,除非防禦玩家操控海島，否則大海妖不能攻擊。
Seedborn Muse,苗生謬思,生物～ 精靈,在其他玩家的重置步驟中，重置所有由你操控的永久物。
Sengir Vampire,辛格氏吸血鬼,生物～ 吸血鬼,"飛行#（只有具飛行或延勢異能的生物才能阻擋它。）#
每當本回合中曾受到辛格氏吸血鬼傷害的生物置入墳墓場時，在辛格氏吸血鬼上放置一個+1/+1指示物。"
Serra Angel,撒拉天使,生物～ 天使,飛行，警戒#（只有具飛行或延勢異能的生物才能阻擋它，且此生物攻擊時不需橫置。）#
Shivan Dragon,西瓦巨龍,生物～ 龍,"飛行#（只有具飛行或延勢異能的生物才能阻擋它。）#
{R}：西瓦巨龍得+1/+0直到回合結束。"
Shivan Reef,西瓦暗礁,地,"{T}：加{1}到你的魔法力池中。
{T}：加{U}或{R}到你的魔法力池中。 西瓦暗礁對你造成1點傷害。"
Shock,電震,瞬間,電震對目標生物或玩家造成2點傷害。
Rootwater Commando,根潭突擊兵,生物～ 人魚,海島行者#（只要防禦玩家操控海島，此生物便不能被阻擋。）#
Skyhunter Patrol,巡防空獵者,生物～ 貓／騎士,飛行，先攻#（只有具飛行或延勢異能的生物才能阻擋它，且它會比不具先攻異能的生物提前造成戰鬥傷害。）#
Soul Feast,靈魂盛宴,巫術,目標玩家失去4點生命且你獲得4點生命。
Soul Warden,護靈師,生物～ 人類／僧侶,每當另一個生物進場時，你獲得1點生命。
Spellbook,魔法書,神器,你的手牌數量沒有上限。
Spined Wurm,刺棘亞龍,生物～ 亞龍,
Spineless Thug,軟腳流氓,生物～ 殭屍／傭兵,軟腳流氓不能進行阻擋。
Spirit Link,心靈羈絆,結界～ 靈氣,"生物結界#（於使用時指定一個生物為目標。 此牌進場時結附在該生物上。）#
每當受此結界的生物造成傷害時，你獲得等量的生命。"
Story Circle,誦傳儀典,結界,"於誦傳儀典進場時，選擇一種顏色。
{W}：選擇一個該色的傷害來源，於本回合中，防止該來源下一次將對你造成的傷害。"
Sudden Impact,猛然撞擊,瞬間,猛然撞擊對目標玩家造成等同於該玩家之手牌數量的傷害。
Sulfurous Springs,硫磺溫泉,地,"{T}：加{1}到你的魔法力池中。
{T}：加{B}或{R}到你的魔法力池中。 硫磺溫泉對你造成1點傷害。"
Suntail Hawk,旭羽翔鷹,生物～ 鳥,飛行#（只有具飛行異能的生物才能阻擋它。）#
Telepathy,心靈感應,結界,對手以展示手牌的方式進行遊戲。
Thieving Magpie,竊鵲,生物～ 鳥,"飛行#（只有具飛行或延勢異能的生物才能阻擋它。）#
每當竊鵲向對手造成傷害時，你抽一張牌。"
Threaten,恐嚇,巫術,重置目標生物並獲得其操控權直到回合結束。 該生物獲得敏捷異能直到回合結束。 #（它此回合便能攻擊與{T}。）#
Tidings,音信,巫術,抽四張牌。
Wall of Wood,木牆,生物～ 牆,守軍#（此生物不能攻擊。）#
Traumatize,精神受創,巫術,目標玩家將其牌庫從頂上算起一半數量的牌置入其墳墓場，小數點以下捨去。
Treetop Bracers,樹梢護臂,結界～ 靈氣,"生物結界#（於使用時指定一個生物為目標。 此牌進場時結附在該生物上。）#
受此結界的生物得+1/+1，並且只能被具飛行異能的生物阻擋。"
Underground River,伏流,地,"{T}：加{1}到你的魔法力池中。
{T}：加{U}或{B}到你的魔法力池中。 伏流對你造成1點傷害。"
Underworld Dreams,地底幻夢,結界,每當對手抽一張牌時，地底幻夢對他造成1點傷害。
Unholy Strength,不潔之力,結界～ 靈氣,"生物結界#（於使用時指定一個生物為目標。 此牌進場時結附在該生物上。）#
受此結界的生物得+2/+1。"
Venerable Monk,可敬的修行僧,生物～ 人類／修行僧／僧侶,當可敬的修行僧進場時，你獲得2點生命。
Verdant Force,新綠使者,生物～ 元素,在每個維持開始時，將一個1/1綠色腐生物衍生物在你的操控下放置進場。
Gaea's Herald,蓋亞傳令使,生物～ 妖精,生物咒語不能被反擊。
Youthful Knight,青年騎士,生物～ 人類／騎士,先攻#（此生物會比不具先攻異能的生物提前造成戰鬥傷害。）#
Viridian Shaman,暗碧族祭師,生物～ 妖精／祭師,當暗碧族祭師進場時，消滅目標神器。
Warrior's Honor,戰士之光,瞬間,由你操控的生物得+1/+1直到回合結束。
Loyal Sentry,忠誠哨兵,生物～ 人類／士兵,當忠誠哨兵阻擋一個生物時，消滅該生物與忠誠哨兵。
Pyroclasm,烈火斷層,巫術,烈火斷層對每個生物各造成2點傷害。
Sleeper Agent,潛藏密探,生物～ 奴僕,"當潛藏密探進場時，目標對手獲得其操控權。
在你的維持開始時，潛藏密探對你造成2點傷害。"
Cloud Elemental,雲元素,生物～ 元素,"飛行#（只有具飛行或延勢異能的生物才能阻擋它。）#
雲元素只能阻擋具飛行異能的生物。"
Wrath of God,神之憤怒,巫術,消滅所有生物。 它們不能重生。
Wurm's Tooth,亞龍巨牙,神器,每當玩家使用任何綠色咒語時，你可以獲得1點生命。
Yavimaya Coast,亞維馬雅海岸,地,"{T}：加{1}到你的魔法力池中。
{T}：加{G}或{U}到你的魔法力池中。 亞維馬雅海岸對你造成1點傷害。"
Doomed Necromancer,敗亡死靈術士,生物～ 人類／僧侶／傭兵,{B}，{T}，犧牲敗亡死靈術士：將目標生物牌從你的墳墓場移回場上。
Terramorphic Expanse,地塑曠野,地,{T}，犧牲地塑曠野：從你的牌庫中搜尋一張基本地牌，並將之橫置進場。 然後將你的牌庫洗牌。
Cancel,取消,瞬間,反擊目標咒語。
Plagiarize,剽竊,瞬間,直到回合結束，若目標玩家將抽一張牌，則改為該玩家略過該次抽牌，並且你抽一張牌。
Seismic Assault,地動來襲,結界,棄掉一張地牌：地動來襲對目標生物或玩家造成2點傷害。
Hurricane,颶風,巫術,颶風對每個具飛行異能的生物與每位玩家造成X點傷害。
Twincast,雙咒擊,瞬間,複製目標瞬間或巫術咒語。 你可以為該複製選擇新的目標。
Time Stop,時間停止,瞬間,結束本回合。 #（將堆疊中的所有咒語與異能移出遊戲，且包括這張牌。 輪到此回合的玩家將手牌維持在其手牌上限，棄掉多餘的牌。 生物上的傷害消失，並且註記著「本回合」與「直到回合結束」的效應均結束。）#
Persuasion,勸服,結界～ 靈氣,"生物結界#（於使用時指定一個生物為目標。 此牌進場時結附在該生物上。）#
你操控受此結界的生物。"
Spiketail Hatchling,釘尾幼雛,生物～ 龍獸,"飛行#（只有具飛行或延勢異能的生物才能阻擋它。）#
犧牲釘尾幼雛：除非目標咒語的操控者支付{1}，否則反擊之。"
Birds of Paradise,天堂鳥,生物～ 鳥,"飛行#（只有具飛行或延勢異能的生物才能阻擋它。）#
{T}：加一點任意顏色的魔法力到你的魔法力池中。"
Flashfreeze,快速凍結,瞬間,反擊目標紅色或綠色咒語。
Cryoclasm,凜寒斷層,巫術,消滅目標平原或海島。 凜寒斷層對該地的操控者造成3點傷害。
Deathmark,死印,巫術,消滅目標綠色或白色生物。
Karplusan Strider,卡普路桑神行客,生物～ 雪怪,卡普路桑神行客不能成為藍色或黑色咒語的目標。
Luminesce,輝光,瞬間,防止黑色來源與紅色來源於本回合中將造成的所有傷害。
Ambassador Laquatus,大使拉夸塔,傳奇生物～ 人魚／魔法師,{3}：目標玩家將其牌庫頂的三張牌置入其墳墓場。
Shunt,易轍,瞬間,為僅指定單一目標的目標咒語更改目標。
Warp World,歪曲世相,巫術,每位玩家把由他擁有的所有永久物洗入其牌庫，然後從其牌庫頂展示等量的牌。 每位玩家把以此法展示的所有神器，生物，與地牌放置進場，然後把以此法展示的所有結界牌放置進場，然後將所有以此法展示且未放置進場的牌以任意順序置於其牌庫底。
Manabarbs,魔法力倒鉤,結界,每當玩家橫置一個地以產生魔法力時，魔法力倒鉤對該玩家造成1點傷害。
Soulblast,靈魂衝擊,瞬間,"犧牲所有由你操控的生物，以作為使用靈魂衝擊的額外費用。
靈魂衝擊對目標生物或玩家造成傷害，其數量等同於所犧牲之生物的力量總和。"
Shatterstorm,粉碎風暴,巫術,消滅所有神器。 它們不能重生。
Lavaborn Muse,熔生謬思,生物～ 精靈,在每位對手的維持開始時，若該玩家的手牌為兩張或更少，則熔生謬思對他造成3點傷害。
Scoria Wurm,礦渣亞龍,生物～ 亞龍,在你的維持開始時，擲一枚硬幣。 如果你輸掉此擲，將礦渣亞龍移回其擁有者手上。
Flamewave Invoker,焰波召現師,生物～ 鬼怪／突變體,{7}{R}：焰波召現師對目標玩家造成5點傷害。
Fists of the Anvil,鐵砧拳,瞬間,目標生物得+4/+0直到回合結束。
Goblin Elite Infantry,鬼怪精英步兵,生物～ 鬼怪／戰士,每當鬼怪精英步兵阻擋或被阻擋時，它得-1/-1直到回合結束。
Thundering Giant,雷動巨人,生物～ 巨人,敏捷#（此生物受你操控時便能攻擊與{T}。）#
Bloodrock Cyclops,血岩獨眼巨人,生物～ 獨眼巨人,血岩獨眼巨人每回合若能攻擊，則必須攻擊。
Starlight Invoker,星光召現師,生物～ 人類／僧侶／突變體,{7}{W}：你獲得5點生命。
Furnace Whelp,熔爐幼龍,生物～ 龍,"飛行#（只有具飛行或延勢異能的生物才能阻擋它。）#
{R}：熔爐幼龍得+1/+0直到回合結束。"
Viashino Sandscout,凡爾西諾沙探,生物～ 凡爾西諾／斥候,"敏捷#（此生物受你操控時便能攻擊與{T}。）#
在回合結束時，將凡爾西諾沙探移回其擁有者手上。 #（若它在場，才將其移回手上。）#"
Abundance,豐衣足食,結界,若你將抽一張牌，則你可以改為選擇地牌或非地牌，並從你牌庫頂開始展示牌，直到你展示出一張該種類的牌為止。 將該牌置於你手上，然後將以此法展示的其他牌以任意順序置於你的牌庫底。
Quirion Dryad,奎利恩樹靈,生物～ 樹靈,當你使用白色、藍色、黑色、或紅色咒語時，在奎利恩樹靈上放置一個+1/+1指示物。
Upwelling,湧昇,結界,魔法力池在階段或回合結束時不會清空。 #（此效應阻止魔法力灼傷。）#
Troll Ascetic,巨魔苦修士,生物～ 巨魔／祭師,"巨魔苦修士不能成為由對手所操控之咒語或異能的目標。
{1}{G}：重生巨魔苦修士。 #（如果此生物下一次於本回合中將被消滅，則它不會被消滅， 而是改為將它橫置，移除受過的所有傷害，並將它移出戰鬥。）#"
Joiner Adept,聯能專家,生物～ 妖精／德魯伊,由你操控的地具有「{T}：加一點任意顏色的魔法力到你的魔法力池中。」
Scion of the Wild,蠻荒後裔,生物～ 聖者,蠻荒後裔的力量及防禦力各等同於由你操控的生物之數量。
Overrun,橫行,巫術,由你操控的生物得+3/+3並獲得踐踏異能直到回合結束。 #（若由你操控的某生物將造成的戰鬥傷害足以消滅所有阻擋它的生物，你可以使它對防禦玩家造成所剩餘數量的傷害。）#
Recollect,重拾記憶,巫術,將目標牌從你的墳墓場移回你手上。
Sylvan Scrying,森林占卜,巫術,從你的牌庫中搜尋一張地牌，展示該牌，並將它置於你手上。 然後將你的牌庫洗牌。
Yavimaya Enchantress,亞維馬雅咒術師,生物～ 人類／德魯伊,場上每有一個結界，亞維馬雅咒術師便得+1/+1。
Commune with Nature,林野商談,巫術,檢視你牌庫頂的五張牌。 你可以展示其中的一張生物牌，並將其置於你手上。 將其餘的牌以任意順序置於你牌庫底。
Civic Wayfinder,城市引路人,生物～ 妖精／戰士／德魯伊,當城市引路人進場時，你可以從你的牌庫中搜尋一張基本地牌，展示該牌，並將它置入你手上。 若你如此作，則將你的牌庫洗牌。
Aggressive Urge,攻性驅策,瞬間,"目標生物得+1/+1直到回合結束。
抽一張牌。"
Pincher Beetles,帶刺甲蟲,生物～ 昆蟲,帷幕#（此生物不能成為咒語或異能的目標。）#
Craw Wurm,巨爪亞龍,生物～ 亞龍,
Condemn,判罪,瞬間,將目標進行攻擊的生物置於其擁有者的牌庫底。 其操控者獲得等同於其防禦力的生命。
Arcane Teachings,玄秘教誨,結界～ 靈氣,"生物結界#（於使用時指定一個生物為目標。 此牌進場時結附在該生物上。）#
受此結界的生物得+2/+2並具有「{T}：此生物對目標生物或玩家造成1點傷害。」"
Viashino Runner,凡爾西諾亡命者,生物～ 凡爾西諾,凡爾西諾亡命者只能被兩個或更多生物阻擋。
Smash,破碎擊,瞬間,"消滅目標神器。
抽一張牌。"
Bogardan Firefiend,博卡登炎魔,生物～ 元素／精靈,當博卡登炎魔從場上置入墳墓場時，它對目標生物造成2點傷害。
Cone of Flame,火炎錐,巫術,火炎錐對目標生物或玩家造成1點傷害，對另一個目標生物或玩家造成2點傷害，並對第三個目標生物或玩家造成3點傷害。
Shivan Hellkite,西瓦殘虐者,生物～ 龍,"飛行#（只有具飛行或延勢異能的生物才能阻擋它。）#
{1}{R}：西瓦殘虐者對目標生物或玩家造成1點傷害。"
Siege-Gang Commander,攻城指揮官,生物～ 鬼怪,"當攻城指揮官進場時，將三個1/1紅色鬼怪衍生物放置進場。
{1}{R}，犧牲一個鬼怪：攻城指揮官對目標生物或玩家造成2點傷害。"
Flowstone Slide,液石滑動,巫術,所有生物得+X/-X直到回合結束。
Nomad Mythmaker,牧民神話詩人,生物～ 人類／遊牧人／僧侶,{W}，{T}：將目標靈氣牌從墳墓場放置進場，並結附於由你操控的生物上。 #（該靈氣由你操控。）#
Windborn Muse,風生謬思,生物～ 精靈,"飛行#（只有具飛行或延勢異能的生物才能阻擋它。）#
除非攻擊你的生物之操控者為每一個各支付{2}，否則生物不能攻擊你。"
Ancestor's Chosen,祖靈的愛民,生物～ 人類／僧侶,"先攻#（此生物會比不具先攻異能的生物提前造成戰鬥傷害。）#
當祖靈的愛民進場時，你墳墓場中每有一張牌，你便獲得1點生命。"
Kjeldoran Royal Guard,奇亞多朗皇家護衛,生物～ 人類／士兵,{T}：本回合中，未受阻擋的生物將對你造成的所有戰鬥傷害都改為對奇亞多朗皇家護衛造成之。
Righteousness,正氣,瞬間,目標進行阻擋的生物得+7/+7直到回合結束。
Beacon of Immortality,永生信標,瞬間,將目標玩家的總生命加倍。 將永生信標洗入其擁有者的牌庫。
"Cho-Manno, Revolutionary",革命家柯．曼諾,傳奇生物～ 人類／反抗軍,防止將對革命家柯．曼諾造成的所有傷害。
Scalpelexis,史卡佩雷克斯,生物～ 野獸,"飛行#（只有具飛行或延勢異能的生物才能阻擋它。）#
每當史卡佩雷克斯對任一玩家造成戰鬥傷害時，該玩家將他牌庫頂的四張牌移出遊戲。 若該些牌中有兩張或更多牌的名稱相同，則重複此流程。"
Vedalken Mastermind,維多肯謀士,生物～ 維多肯／魔法師,{U}，{T}：將目標由你操控的永久物移回其擁有者手上。
Merfolk Looter,掠奪人魚,生物～ 人魚／浪客,{T}：抽一張牌，然後棄一張牌。
Peek,偷窺,瞬間,"檢視目標玩家的手牌。
抽一張牌。"
Aura Graft,靈氣移植,瞬間,獲得目標已結附於永久物上的靈氣之操控權。 將它結附於另一個它能結附的永久物上。
Aven Fisher,艾文漁人,生物～ 鳥／士兵,"飛行#（只有具飛行或延勢異能的生物才能阻擋它。）#
當艾文漁人從場上置入墳墓場時，你可以抽一張牌。"
Hate Weaver,織恨巧匠,生物～ 殭屍／魔法師,{2}：目標藍色或紅色生物得+1/+0直到回合結束。
Might Weaver,織力巧匠,生物～ 人類／魔法師,{2}：目標紅色或白色生物獲得踐踏異能直到回合結束。 #（若它將造成的戰鬥傷害足以消滅所有阻擋它的生物，你可以使它對防禦玩家造成所剩餘數量的傷害。）#
Rage Weaver,織怒巧匠,生物～ 人類／魔法師,{2}：目標黑色或綠色生物獲得敏捷異能直到回合結束。 #（它此回合便能攻擊與{T}。）#
Sky Weaver,織天巧匠,生物～ 仿索藍人／魔法師,{2}：目標白色或黑色生物獲得飛行異能直到回合結束。 #（只有具飛行或延勢異能的生物才能阻擋它。）#
Spirit Weaver,織靈巧匠,生物～ 人類／魔法師,{2}：目標綠色或藍色生物得+0/+1直到回合結束。
Phantom Warrior,幽魅戰士,生物～ 虛影／戰士,幽魅戰士不能被阻擋。
Cloud Sprite,雲仙子,生物～ 仙靈,"飛行#（只有具飛行或延勢異能的生物才能阻擋它。）#
雲仙子只能阻擋具飛行異能的生物。"
Telling Time,顯現未來,瞬間,檢視你牌庫頂的三張牌。 將其中一張置於你手上，一張置於你牌庫頂，另一張置於你牌庫底。
Academy Researchers,學院研究員,生物～ 人類／魔法師,當學院研究員進場時，你可以將一張靈氣牌從你手上放置進場，並結附在學院研究員上。
Fog Elemental,霧元素,生物～ 元素,"飛行#（只有具飛行或延勢異能的生物才能阻擋它。）#
當霧元素攻擊或阻擋，在戰鬥結束時將它犧牲。"
Reviving Dose,提神劑,瞬間,"你獲得3點生命。
抽一張牌。"
Heart of Light,淨光之心,結界～ 靈氣,"生物結界#（於使用時指定一個生物為目標。 此牌進場時結附在該生物上。）#
防止受此結界的生物將受到或造成的所有傷害。"
Samite Healer,撒姆尼人的醫療員,生物～ 人類／僧侶,{T}：於本回合中，防止接下來將對目標生物或玩家造成的1點傷害。
Skyhunter Prowler,遊掠空獵者,生物～ 貓／騎士,飛行，警戒#（只有具飛行或延勢異能的生物才能阻擋它，且此生物攻擊時不需橫置。）#
Ghost Warden,護持鬼影,生物～ 精靈,{T}：目標生物得+1/+1直到回合結束。
Bandage,包紮,瞬間,"於本回合中，防止接下來將對目標生物或玩家造成的1點傷害。
抽一張牌。"
Hail of Arrows,箭如雨下,瞬間,箭如雨下造成X點傷害，你可任意分配於任何數量之目標進行攻擊的生物上。
Steadfast Guard,堅定的護衛,生物～ 人類／反抗軍,警戒#（此生物攻擊時不需橫置。）#
Wall of Swords,劍牆,生物～ 牆,守軍，飛行#（此生物不能攻擊，且能阻擋具飛行異能的生物。）#
Icatian Priest,艾凱遜祝禱士,生物～ 人類／僧侶,{1}{W}{W}：目標生物得+1/+1直到回合結束。
Aura of Silence,靜寂靈氣,結界,"對手使用的神器和結界咒語費用增加{2}來使用。
犧牲靜寂靈氣：消滅目標神器或結界。"
Tempest of Light,明光風暴,瞬間,消滅所有結界。
High Ground,制高點,結界,由你操控的每個生物可以額外多阻擋一個生物。
Mogg Fanatic,迷亂莫葛,生物～ 鬼怪,犧牲迷亂莫葛：迷亂莫葛對目標生物或玩家造成1點傷害。
Discombobulate,亂其方寸,瞬間,反擊目標咒語。 檢視你牌庫頂的四張牌，然後將它們以任意順序放回。
Incinerate,焚化,瞬間,焚化對目標生物或玩家造成3點傷害。 以此法受到傷害的生物本回合不能重生。
Prodigal Pyromancer,放蕩烈焰術士,生物～ 人類／魔法師,{T}：放蕩烈焰術士對目標生物或玩家造成1點傷害。
Anaba Bodyguard,阿那巴保鏢,生物～ 牛頭怪,先攻#（此生物會比不具先攻異能的生物提前造成戰鬥傷害。）#
Stun,愣定,瞬間,"目標生物本回合不能進行阻擋。
抽一張牌。"
Uncontrollable Anger,脫韁怒火,結界～ 靈氣,"閃現#（你可以於你能夠使用瞬間的時機下使用此咒語。）#
生物結界#（於使用時指定一個生物為目標。 此牌進場時結附在該生物上。）#
受此結界的生物得+2/+2且每回合若能攻擊，則必須攻擊。"
Counsel of the Soratami,空民商議,巫術,抽兩張牌。
Crafty Pathmage,狡智徑法師,生物～ 人類／魔法師,{T}：目標力量等於或小於2的生物本回合不能被阻擋。
Fugitive Wizard,漂泊魔法師,生物～ 人類／魔法師,
Robe of Mirrors,明鏡之袍,結界～ 靈氣,"生物結界#（於使用時指定一個生物為目標。 此牌進場時結附在該生物上。）#
受此結界的生物具有帷幕異能。 #（它不能成為咒語或異能的目標。）#"
Skyshroud Ranger,天帷流浪漢,生物～ 妖精,{T}：你可以從你手上將一張地牌放置進場。 你只可以於你能使用巫術的時機下使用此異能。
Stalking Tiger,潛行之虎,生物～ 貓,潛行之虎不能被一個以上的生物阻擋。
Canopy Spider,林冠蜘蛛,生物～ 蜘蛛,延勢#（此生物能阻擋具飛行異能的生物。）#
Femeref Archers,費米瑞甫弓箭手,生物～ 人類／弓箭手,{T}：費米瑞甫弓箭手對目標具飛行異能、且進行攻擊的生物造成4點傷害。
Recover,復原,巫術,"將目標生物牌從你的墳墓場移回你手上。
抽一張牌。"
Phyrexian Rager,非瑞克西亞狂怒獸,生物～ 驚懼獸,當非瑞克西亞狂怒獸進場時，你抽一張牌，並且失去1點生命。
Essence Drain,吸取精華,巫術,吸取精華對目標生物或玩家造成3點傷害，且你獲得3點生命。
Assassinate,行刺,巫術,消滅目標已橫置的生物。
Vampire Bats,吸血蝙蝠,生物～ 蝙蝠,"飛行#（只有具飛行或延勢異能的生物才能阻擋它。）#
{B}：吸血蝙蝠得+1/+0直到回合結束。 此異能每回合中最多只能使用兩次。"
Stronghold Discipline,城塞紀律,巫術,每位玩家各失去若干生命，其數量等同於他所操控之生物數量。
Terror,驚駭,瞬間,消滅目標非神器且非黑色的生物。 它不能重生。
Afflict,折磨,瞬間,"目標生物得-1/-1直到回合結束。
抽一張牌。"
Serra's Embrace,撒拉之擁,結界～ 靈氣,"生物結界#（於使用時指定一個生物為目標。 此牌進場時結附在該生物上。）#
受此結界的生物得+2/+2並具有飛行與警戒異能。 #（只有具飛行或延勢異能的生物才能阻擋它，且它攻擊時不需橫置。）#"
Sylvan Basilisk,森林蜥怪,生物～ 蜥怪,每當森林蜥怪被生物阻擋時，消滅該生物。
Dross Crocodile,蔓非沼鱷魚,生物～ 殭屍／鱷魚,
Sage Owl,睿智的貓頭鷹,生物～ 鳥,"飛行#（只有具飛行或延勢異能的生物才能阻擋它。）#
當睿智的貓頭鷹進場時，檢視你牌庫頂的四張牌，然後將它們以任意順序放回。"
Mass of Ghouls,食屍鬼大群,生物～ 殭屍／戰士,
Distress,苦痛,巫術,目標玩家展示其手牌。 你選擇其中一張非地的牌。 該玩家棄掉該牌。
Rain of Tears,淚雨,巫術,消滅目標地。
Goblin Lore,鬼怪的學問,巫術,抽四張牌，然後隨機棄三張牌。
Deluge,洪水氾濫,瞬間,橫置所有不具飛行異能的生物。
Lure,誘餌,結界～ 靈氣,"生物結界#（於使用時指定一個生物為目標。 此牌進場時結附在該生物上。）#
所有能夠阻擋受此結界之生物的生物皆須阻擋之。"
Agonizing Memories,慘痛的回憶,巫術,檢視目標玩家的手牌並選擇其中兩張牌。 將它們以任意順序置於該玩家的牌庫頂。
Tangle Spider,鉻銅林蜘蛛,生物～ 蜘蛛,"閃現#（你可以於你能夠使用瞬間的時機下使用此咒語。）#
延勢#（此生物能阻擋具飛行異能的生物。）#"
Treasure Hunter,獵寶者,生物～ 人類,當獵寶者進場時，你可以將目標神器牌從你的墳墓場移回你手上。
Hidden Horror,匿形驚懼獸,生物～ 驚懼獸,當匿形驚懼獸進場時，除非你棄掉一張生物牌，否則將它犧牲。
Steel Golem,鋼鐵魔像,神器生物～ 魔像,你不能使用生物咒語。
Relentless Rats,無情鼠群,生物～ 老鼠,"場上每有一個名稱為無情鼠群的其他生物，無情鼠群便得+1/+1。
名稱為無情鼠群的牌，在套牌中之數量不受限制。"
Juggernaut,攻城巨車,神器生物～ 攻城巨車,"攻城巨車每回合若能攻擊，則必須攻擊。
攻城巨車不能被牆阻擋。"
Sculpting Steel,塑型鋼,神器,於塑型鋼進場時，你可以選擇場上的一個神器。 若你如此作，則塑型鋼進場時為該神器的複製。
Legacy Weapon,遠古神兵,傳奇神器,"{W}{U}{B}{R}{G}：將目標永久物移出遊戲。
若遠古神兵將從任何區域置入墳墓場，則改為展示遠古神兵，並將它洗入其擁有者的牌庫。"
Doubling Cube,加倍方體,神器,{3}，{T}：將你魔法力池中每種類別的魔法力加倍。
Citanul Flute,西坦努笛,神器,{X}，{T}：從你的牌庫中搜尋一張總魔法力費用小於或等於X的生物牌，展示該牌，並將它置於你手上。 然後將你的牌庫洗牌。
Dreamborn Muse,夢生謬思,生物～ 精靈,在每位玩家的維持開始時，該玩家將其牌庫頂的X張牌置入其墳墓場，X為其手牌數量。
Pariah,賤民,結界～ 靈氣,"生物結界#（於使用時指定一個生物為目標。 此牌進場時結附在該生物上。）#
所有將對你造成的傷害改為對受此結界的生物造成之。"
Avatar of Might,瀚力化身,生物～ 聖者,"如果任何對手操控的生物數量比你多四個或更多，則瀚力化身的費用減少{6}即可使用。
踐踏#（若此生物將造成的戰鬥傷害足以消滅所有阻擋它的生物，你可以使它對防禦玩家造成所剩餘數量的傷害。）#"
Denizen of the Deep,深海潛獸,生物～ 巨蛇,當深海潛獸進場時，將由你操控的其他生物移回其擁有者手上。
Root Maze,盤根錯節,結界,神器與地須橫置進場。
Rootwater Matriarch,根潭女族長,生物～ 人魚,{T}：選擇目標生物。只要該生物被結附，你便獲得其操控權。
The Hive,蜂箱,神器,{5}，{T}：將一個1/1，名稱為黃蜂，具飛行異能的昆蟲神器生物衍生物放置進場。 #（只有具飛行或延勢異能的生物才能阻擋它。）#
Chimeric Staff,蓋美拉之杖,神器,{X}：蓋美拉之杖成為X/X的組構體神器生物直到回合結束。
Head Games,心理戰術,巫術,目標對手將其手牌置於其牌庫頂。 從該玩家的牌庫中搜尋等量的牌。 該玩家將這些牌置於其手上，然後將其牌庫洗牌。
Graveborn Muse,墓生謬思,生物～ 殭屍／精靈,在你的維持開始時，你抽X張牌且失去X點生命，X為由你操控的殭屍之數量。
Field Marshal,元帥,生物～ 人類／士兵,其他的士兵生物得+1/+1並具有先攻異能。 #（它們會比不具先攻異能的生物提前造成戰鬥傷害。）#
Mortal Combat,殺戮爭戰,結界,在你的維持開始時，若你的墳墓場中有二十或更多張生物牌，你便贏得此盤遊戲。
Hurkyl's Recall,河鼓的召還,瞬間,將目標玩家擁有的所有神器移回其手上。
Cephalid Constable,鱆人保安官,生物～ 鱆人／魔法師,每當鱆人保安官對某玩家造成戰鬥傷害時，將至多此數量由該玩家操控的目標永久物移回其擁有者手上。
Beacon of Destruction,毀滅信標,瞬間,毀滅信標對目標生物或玩家造成5點傷害。 將毀滅信標洗入其擁有者的牌庫。
Enormous Baloth,龐大巴洛西,生物～ 野獸,
Stampeding Wildebeests,狂奔的獸群,生物～ 野獸,"踐踏#（若此生物將造成的戰鬥傷害足以消滅所有阻擋它的生物，你可以使它對防禦玩家造成所剩餘數量的傷害。）#
在你的維持開始時，將一個由你操控的綠色生物移回其擁有者手上。"
Elven Riders,妖精騎隊,生物～ 妖精,妖精騎隊只能被牆和／或具飛行異能的生物阻擋。
Blanchwood Armor,白木甲,結界～ 靈氣,"生物結界#（於使用時指定一個生物為目標。 此牌進場時結附在該生物上。）#
你每操控一個樹林，受此結界的生物便得+1/+1。"
Colossus of Sardia,沙地亞巨像,神器生物～ 魔像,"踐踏#（若此生物將造成的戰鬥傷害足以消滅所有阻擋它的生物，你可以使它對防禦玩家造成所剩餘數量的傷害。）#
沙地亞巨像於你的重置步驟中不能重置。
{9}：重置沙地亞巨像。 你只可以於你的維持中使用此異能。"
Beacon of Unrest,不息信標,巫術,將任一墳墓場中的目標神器或生物牌在你的操控下放置進場。 將不息信標洗入其擁有者的牌庫。
Lord of the Pit,暗淵之王,生物～ 惡魔,"飛行，踐踏#（只有具飛行或延勢異能的生物才能阻擋它。 若它將造成的戰鬥傷害足以消滅所有阻擋它的生物，你可以使它對防禦玩家造成所剩餘數量的傷害。）#
在你的維持開始時，犧牲一個暗淵之王以外的生物。 若你無法如此作，則暗淵之王對你造成7點傷害。"
Midnight Ritual,午夜祭禮,巫術,從你墳墓場中將X張目標生物牌移出遊戲。 每以此法將一張生物牌移出遊戲，便將一個2/2黑色殭屍衍生物放置進場。
Fountain of Youth,青春之泉,神器,{2}，{T}：你獲得1點生命。
Wall of Air,氣牆,生物～ 牆,守軍，飛行#（此生物不能攻擊，且能阻擋具飛行異能的生物。）#
Composite Golem,拼組魔像,神器生物～ 魔像,犧牲拼組魔像：加{W}{U}{B}{R}{G}到你的魔法力池中。
Leonin Scimitar,獅族彎刀,神器～ 武具,"佩帶此武具的生物得+1/+1。
佩帶{1}#（{1}：裝備在目標由你操控的生物上； 佩帶的時機視同巫術。）#"
Whispersilk Cloak,細語絲篷,神器～ 武具,"佩帶此武具的生物不能被阻擋，且具有帷幕異能。 #（它不能成為咒語或異能的目標。）#
佩帶{2}#（{2}：裝備在目標由你操控的生物上。 佩帶的時機視同巫術。）#"
Chromatic Star,五彩星,神器,"{1}，{T}，犧牲五彩星：加一點任意顏色的魔法力到你的魔法力池中。
當五彩星從場上置入墳墓場時，抽一張牌。"
Mind Stone,心靈石,神器,"{T}：加{1}到你的魔法力池中。
{1}，{T}，犧牲心靈石：抽一張牌。"
Phyrexian Vault,非瑞克西亞地窖,神器,{2}，{T}，犧牲一個生物：抽一張牌。
Overgrowth,過度生長,結界～ 靈氣,"地結界#（於使用時指定一個地為目標。 此牌進場時結附在該地上。）#
每當受此結界的地橫置以產生魔法力時，其操控者加{G}{G}到他的魔法力池中。"
Sift,詳查,巫術,抽三張牌，然後棄一張牌。
Unsummon,反召喚,瞬間,將目標生物移回其擁有者手上。
Benalish Knight,賓納里亞騎士,生物～ 人類／騎士,"閃現#（你可以於你能夠使用瞬間的時機下使用此咒語。）#
先攻#（此生物會比不具先攻異能的生物提前造成戰鬥傷害。）#"
Thrull Surgeon,醫士索爾獸,生物～ 索爾獸,{1}{B}，犧牲醫士索爾獸：檢視目標玩家的手牌並選擇其中一張。 該玩家棄掉該牌。你只可以於你能使用巫術的時機下使用此異能。
No Rest for the Wicked,惡者不息,結界,犧牲惡者不息：將你墳墓場中於本回合從場上進入該處的所有生物牌移回你的手上。
Wall of Fire,火牆,生物～ 牆,"守軍#（此生物不能攻擊。）#
{R}：火牆得+1/+0直到回合結束。"
Rushwood Dryad,銀葉林樹靈,生物～ 樹靈,樹林行者#（只要防禦玩家操控樹林，此生物便不能被阻擋。）#
Twitch,抽搐,瞬間,"你可以重置或橫置目標神器、生物、或者地。
抽一張牌。"
Primal Rage,盛怒,結界,由你操控的生物具有踐踏異能。 #（若由你操控的某生物將造成的戰鬥傷害足以消滅所有阻擋它的生物，你可以使它對防禦玩家造成所剩餘數量的傷害。）#
Mantis Engine,螳螂引擎,神器生物～ 昆蟲,"{2}：螳螂引擎獲得飛行異能直到回合結束。 #（只有具飛行或延勢異能的生物才能阻擋它。）#
{2}：螳螂引擎獲得先攻異能直到回合結束。 #（此生物會比不具先攻異能的生物提前造成戰鬥傷害。）#"
Voice of All,萬物使者,生物～ 天使,"飛行#（只有具飛行或延勢異能的生物才能阻擋它。）#
於萬物使者進場時，選擇一種顏色。
萬物使者具有反該色的保護異能。 #（它不能被該色的東西所阻擋，指定為目標，造成傷害，或是被結附。）#"
Rule of Law,依法治理,結界,每位玩家每回合不能使用一個以上的咒語。
Spitting Earth,飛礫走石,巫術,飛礫走石對目標生物造成傷害，其數量等同於由你操控的山脈數量。
Burrenton Forge-Tender,布連屯守爐師,生物～ 潔英／魔法師,"反紅保護
犧牲布連屯守爐師：選擇一個紅色來源，於本回合中，防止該來源將造成的所有傷害。"
Plover Knights,濱鳥騎士,生物～ 潔英／騎士,飛行，先攻
Goldmeadow Harrier,金牧地擾敵兵,生物～ 潔英／士兵,{W}，{T}：橫置目標生物。
Kithkin Harbinger,先兆潔英,生物～ 潔英／魔法師,當先兆潔英進場時，你可以從你的牌庫中搜尋一張潔英牌，展示該牌，然後將你的牌庫洗牌，並將該牌置於其上。
Wellgabber Apothecary,閒語藥劑師,生物～ 人魚／僧侶,{1}{W}：於本回合中，防止將對目標已橫置的人魚或潔英生物造成的所有傷害。
Lys Alana Huntmaster,黎撒拉那領獵人,生物～ 妖精／戰士,每當你使用妖精咒語時，你可以將一個1/1綠色的妖精／戰士衍生物放置進場。
Kinsbaile Balloonist,英莊園熱氣球兵,生物～ 潔英／士兵,"飛行
每當英莊園熱氣球兵攻擊時，你可以讓目標生物獲得飛行異能直到回合結束。"
Lammastide Weave,收穫節編織,瞬間,"說出一個牌名，然後目標玩家將其牌庫頂牌置入其墳墓場。 如果那是該名稱的牌，則你獲得等同於其總魔法力費用的生命。
抽一張牌。"
Judge of Currents,潮流評定師,生物～ 人魚／魔法師,每當一個由你操控的人魚成為橫置時，你可以獲得1點生命。
Harpoon Sniper,魚叉神射手,生物～ 人魚／弓箭手,{W}，{T}：魚叉神射手對目標進行攻擊或阻擋的生物造成X點傷害，X為由你操控的人魚之數量。
Bog-Strider Ash,沼行梣木,生物～ 樹妖／祭師,"沼澤行者
每當任一玩家使用鬼怪咒語時，你可以支付{G}。 若你如此作，則你獲得2點生命。"
Shields of Velis Vel,貝理貝之盾,部族瞬間～ 變形獸,"化形 #（此牌隨時都是所有生物類別。）#
由目標玩家操控的生物得+0/+1且獲得所有生物類別直到回合結束。"
Oblivion Ring,遺忘輪,結界,"當遺忘輪進場時，將另一個目標非地永久物移出遊戲。
當遺忘輪離場時，將所移出遊戲的牌在其擁有者的操控下移回場上。"
Inkfathom Divers,墨湛潛兵,生物～ 人魚／士兵,"海島行者
當墨湛潛兵進場時，檢視你牌庫頂的四張牌，然後將它們以任意順序放回。"
Merrow Harbinger,先兆美洛,生物～ 人魚／魔法師,"海島行者
當先兆美洛進場時，你可以從你的牌庫中搜尋一張人魚牌，展示該牌，然後將你的牌庫洗牌，並將該牌置於其上。"
Streambed Aquitects,溪床建渠者,生物～ 人魚／斥候,"{T}：目標人魚生物得+1/+1且獲得海島行者異能直到回合結束。
{T}：目標地成為海島直到回合結束。"
Sentinels of Glen Elendra,艾藍卓幽谷哨兵,生物～ 仙靈／士兵,"閃現
飛行"
Faerie Harbinger,先兆仙靈,生物～ 仙靈／魔法師,"閃現
飛行
當先兆仙靈進場時，你可以從你的牌庫中搜尋一張仙靈牌，展示該牌，然後將你的牌庫洗牌，並將該牌置於其上。"
Pestermite,惱人鬼,生物～ 仙靈／浪客,"閃現
飛行
當惱人鬼進場時，你可以橫置或重置目標永久物。"
Spellstutter Sprite,紛咒仙靈,生物～ 仙靈／魔法師,"閃現
飛行
當紛咒仙靈進場時，反擊目標總魔法力費用為X或更少的咒語，X為由你操控的仙靈數量。"
Ethereal Whiskergill,虛相鬚嘴魚,生物～ 元素,"飛行
除非防禦玩家操控海島，否則虛相鬚嘴魚不能攻擊。"
Faerie Trickery,仙靈詭計,部族瞬間～ 仙靈,反擊目標非仙靈咒語。 如果以此法反擊該咒語，則改為將它移出遊戲，而非將它置入其擁有者的墳墓場。
Glimmerdust Nap,爍塵小憩,結界～ 靈氣,"生物結界（僅限已橫置者）
受此結界的生物於其操控者的重置步驟中不能重置。"
Footbottom Feast,足底盛宴,瞬間,"將任意數量的目標生物牌從你的墳墓場置於你的牌庫頂。
抽一張牌。"
Boggart Harbinger,先兆波尬,生物～ 鬼怪／祭師,當先兆波尬進場時，你可以從你的牌庫中搜尋一張鬼怪牌，展示該牌，然後將你的牌庫洗牌，並將該牌置於其上。
Boggart Shenanigans,搗蛋波尬,部族結界～ 鬼怪,每當由你操控的另一個鬼怪從場上置入墳墓場時，你可以讓搗蛋波尬對目標玩家造成1點傷害。
Nath's Buffoon,納斯的小丑,生物～ 鬼怪／浪客,反妖精保護
Ghostly Changeling,魂魅化形,生物～ 變形獸,"化形 #（此牌隨時都是所有生物類別。）#
{1}{B}：魂魅化形得+1/+1直到回合結束。"
Eyeblight's Ending,礙眼末日,部族瞬間～ 妖精,消滅目標非妖精生物。
Warren-Scourge Elf,夷殖妖精,生物～ 妖精／戰士,反鬼怪保護
Nectar Faerie,瓊漿仙靈,生物～ 仙靈／魔法師,"飛行
{B}，{T}：目標仙靈或妖精獲得繫命異能直到回合結束。 #（每當它造成傷害時，其操控者獲得等量的生命。）#"
Thieving Sprite,行竊仙子,生物～ 仙靈／浪客,"飛行
當行竊仙子進場時，目標玩家從手上展示X張牌，X為由你操控的仙靈數量。 你從那些牌中選擇一張。 該玩家棄掉該牌。"
Dreamspoiler Witches,掠夢巫師,生物～ 仙靈／魔法師,"飛行
每當你在對手的回合使用一個咒語時，你可以使目標生物得-1/-1直到回合結束。"
Black Poplar Shaman,黑楊祭師,生物～ 樹妖／祭師,{2}{B}：重生目標樹妖。
Nightshade Stinger,夜影刺棘客,生物～ 仙靈／浪客,"飛行
夜影刺棘客不能進行阻擋。"
Peppersmoke,胡椒霧,部族瞬間～ 仙靈,目標生物得-1/-1直到回合結束。 若你操控仙靈，則抽一張牌。
Flamekin Brawler,炎身喧嘩兵,生物～ 元素／戰士,{R}：炎身喧嘩兵得+1/+0直到回合結束。
Inner-Flame Igniter,心焰點燃人,生物～ 元素／戰士,{2}{R}：由你操控的生物得+1/+0直到回合結束。 如果這是此異能在本回合第三次的結算，由你操控的生物便具有先攻異能直到回合結束。
Flamekin Harbinger,先兆炎身,生物～ 元素／祭師,當先兆炎身進場時，你可以從你的牌庫中搜尋一張元素牌，展示該牌，然後將你的牌庫洗牌，並將該牌置於其上。
Smokebraider,編煙師,生物～ 元素／祭師,{T}：加兩點魔法力到你的魔法力池中，其顏色組合由你選擇。 此魔法力只能用來支付元素咒語或元素之起動式異能的費用。
Ceaseless Searblades,不息焦刃軍,生物～ 元素／戰士,每當你使用元素的起動式異能時，不息焦刃軍得+1/+0直到回合結束。
Soulbright Flamekin,炫靈炎身,生物～ 元素／祭師,{2}：目標生物獲得踐踏異能直到回合結束。 如果這是此異能在本回合第三次的結算，你可以加{R}{R}{R}{R}{R}{R}{R}{R}到你的魔法力池中。
Heat Shimmer,熱光爍影,巫術,將一個衍生物放置進場，此衍生物為目標生物之複製。 它具有敏捷與「回合結束時，將此永久物移出遊戲。」
Quill-Slinger Boggart,刺彈弓波尬,生物～ 鬼怪／戰士,每當任一玩家使用潔英咒語時，你可以使目標玩家失去1點生命。
Tar Pitcher,焦油投擲手,生物～ 鬼怪／祭師,{T}，犧牲一個鬼怪：焦油投擲手對目標生物或玩家造成2點傷害。
Caterwauling Boggart,高叫波尬,生物～ 鬼怪／祭師,"每個由你操控的鬼怪都只能被兩個或更多生物阻擋。
每個由你操控的元素都只能被兩個或更多生物阻擋。"
Giant Harbinger,先兆巨人,生物～ 巨人／祭師,當先兆巨人進場時，你可以從你的牌庫中搜尋一張巨人牌，展示該牌，然後將你的牌庫洗牌，並將該牌置於其上。
Tarfire,焦油火,部族瞬間～ 鬼怪,焦油火對目標生物或玩家造成2點傷害。
Giant's Ire,巨人怒火,部族巫術～ 巨人,巨人怒火對目標玩家造成4點傷害。 若你操控巨人，則抽一張牌。
Blades of Velis Vel,貝理貝之刃,部族瞬間～ 變形獸,"化形 #（此牌隨時都是所有生物類別。）#
至多兩個目標生物各得+2/+0並獲得所有生物類別直到回合結束。"
Moonglove Winnower,月地黃篩除者,生物～ 妖精／浪客,死觸 #（每當此生物對任一生物造成傷害時，消滅後者。）#
Elvish Harbinger,先兆妖精,生物～ 妖精／德魯伊,"當先兆妖精進場時，你可以從你的牌庫中搜尋一張妖精牌，展示該牌，然後將你的牌庫洗牌，並將該牌置於其上。
{T}：加一點任意顏色的魔法力到你的魔法力池中。"
Leaf Gilder,金葉師,生物～ 妖精／德魯伊,{T}：加{G}到你的魔法力池中。
Spring Cleaning,春季掃除,瞬間,消滅目標結界。 與一位對手比點。 若你贏，則消滅由所有對手操控的所有結界。 #（參與比點的玩家各展示其牌庫頂牌，然後將該牌置於牌庫頂部或底部。 所展示的牌之總魔法力費用比較高的玩家贏得比點。）#
Cloudcrown Oak,雲冠橡樹,生物～ 樹妖／戰士,延勢 #（它能阻擋具飛行異能的生物。）#
Oakgnarl Warrior,橡節戰士,生物～ 樹妖／戰士,警戒，踐踏
Treefolk Harbinger,先兆樹妖,生物～ 樹妖／德魯伊,當先兆樹妖進場時，你可以從你的牌庫中搜尋一張樹妖或樹林牌，展示該牌，然後將你的牌庫洗牌，並將該牌置於其上。
Kithkin Mourncaller,潔英悼亡人,生物～ 潔英／斥候,每當一個進行攻擊的潔英或妖精從場上置入你的墳墓場時，你可以抽一張牌。
Kithkin Daggerdare,潔英短刀客,生物～ 潔英／士兵,{G}，{T}：目標進行攻擊的生物得+2/+2直到回合結束。
Rootgrapple,根鎖,部族瞬間～ 樹妖,消滅目標非生物永久物。 若你操控樹妖，則抽一張牌。
Fertile Ground,肥沃大地,結界～ 靈氣,"地結界
每當受此結界的地橫置以產生魔法力時，其操控者加一點任意顏色的魔法力到他的魔法力池中。"
Thousand-Year Elixir,千年瓊漿,神器,"你可以讓由你操控的生物視同具有敏捷異能地使用其起動式異能。
{1}，{T}：重置目標生物。"
Moonglove Extract,月地黃精粹,神器,犧牲月地黃精粹：月地黃精粹對目標生物或玩家造成2點傷害。
Runed Stalactite,符文鐘乳石,神器～ 武具,"佩帶此武具的生物得+1/+1且是所有生物類別。
佩帶{2}"
Springleaf Drum,春葉鼓,神器,{T}，橫置一個由你操控且未橫置的生物：加一點任意顏色的魔法力到你的魔法力池中。
Wanderer's Twig,漫遊者細枝,神器,{1}，犧牲漫遊者細枝：從你的牌庫中搜尋一張基本地牌，展示該牌，並將它置入你手上。 然後將你的牌庫洗牌。
Soaring Hope,翱翔希望,結界～ 靈氣,"生物結界
當翱翔希望進場時，你獲得3點生命。
受此結界的生物具有飛行異能。
{W}：將翱翔希望置於其擁有者的牌庫頂。"
Ponder,沉思,巫術,"檢視你牌庫頂的三張牌，然後將它們以任意順序放回。 你可以將你的牌庫洗牌。
抽一張牌。"
Howltooth Hollow,嚎牙窪地,地,"掩蔽 #（此地須橫置進場。 當它進場時，檢視你牌庫頂的四張牌，將其中一張牌面朝下地移出遊戲，然後將其餘的牌置於你牌庫底。）#
{T}：加{B}到你的魔法力池中。
{B}，{T}：如果每位玩家都沒有手牌，則你可以使用所移出遊戲的牌，且不須支付其魔法力費用。"
Spinerock Knoll,脊石圓丘,地,"掩蔽 #（此地須橫置進場。 當它進場時，檢視你牌庫頂的四張牌，將其中一張牌面朝下地移出遊戲，然後將其餘的牌置於你牌庫底。）#
{T}：加{R}到你的魔法力池中。
{R}，{T}：如果某對手在本回合中受到7點或更多傷害，則你可以使用所移出遊戲的牌，且不須支付其魔法力費用。"
Mosswort Bridge,苔草橋,地,"掩蔽 #（此地須橫置進場。 當它進場時，檢視你牌庫頂的四張牌，將其中一張牌面朝下地移出遊戲，然後將其餘的牌置於你牌庫底。）#
{T}：加{G}到你的魔法力池中。
{G}，{T}：如果由你操控的生物之力量總數為10或更多，則你可以使用所移出遊戲的牌，且不須支付其魔法力費用。"
Merrow Commerce,美洛貿易,部族結界～ 人魚,在你的回合結束時，重置所有由你操控的人魚。
Cloudgoat Ranger,雲山羊巡林者,生物～ 巨人／戰士,"當雲山羊巡林者進場時，將三個1/1白色潔英／士兵衍生物放置進場。
橫置三個由你操控且未橫置的潔英：雲山羊巡林者得+2/+0並獲得飛行異能直到回合結束。"
Guardian of Cloverdell,苜蓿谷守護者,生物～ 樹妖／祭師,"當苜蓿谷守護者進場時，將三個1/1白色潔英／士兵衍生物放置進場。
{G}，犧牲一個潔英：你獲得1點生命。"
Galepowder Mage,風粉法師,生物～ 潔英／魔法師,"飛行
每當風粉法師攻擊時，將另一個目標生物移出遊戲。 在回合結束時，將該牌在其擁有者的操控下移回場上。"
Sunrise Sovereign,日昇君王,生物～ 巨人／戰士,由你操控的其他巨人生物得+2/+2並具有踐踏異能。
Scattering Stroke,離散擊,瞬間,反擊目標咒語。 與一位對手比點。 若你贏，則在你下一個行動階段開始時，你可以加{X}到你的魔法力池中，X為該咒語的總魔法力費用。 #（參與比點的玩家各展示其牌庫頂牌，然後將該牌置於牌庫頂部或底部。 所展示的牌之總魔法力費用比較高的玩家贏得比點。）#
Veteran of the Depths,奧流老兵,生物～ 人魚／士兵,每當奧流老兵成為橫置時，你可以在其上放置一個+1/+1指示物。
Makeshift Mannequin,變妝假模,瞬間,將目標生物牌從你的墳墓場移回場上，且上面有一個假模指示物。 只要該生物上有假模指示物，它便具有「當此生物成為咒語或異能的目標時，將它犧牲。」
Scarred Vinebreeder,帶疤育藤師,生物～ 妖精／祭師,{2}{B}，將一張妖精牌從你的墳墓場移出遊戲：帶疤育藤師得+3/+3直到回合結束。
Elvish Promenade,妖精炫遊,部族巫術～ 妖精,你每操控一個妖精，便將一個1/1綠色的妖精／戰士衍生物放置進場。
Wings of Velis Vel,貝理貝之翼,部族瞬間～ 變形獸,"化形 #（此牌隨時都是所有生物類別。）#
目標生物成為4/4，獲得所有生物類別，且獲得飛行異能直到回合結束。"
Rebellion of the Flamekin,炎身叛亂,部族結界～ 元素,每當你比點時，你可以支付{1}。 若你如此作，將一個3/1紅色元素／祭師衍生物放置進場。 若你贏，則該衍生物獲得敏捷異能直到回合結束。 #（此異能在比點結束後觸發。）#
Silvergill Adept,銀鰓專家,生物～ 人魚／魔法師,"從你的手上展示一張人魚牌或支付{3}，以作為使用銀鰓專家的額外費用。
當銀鰓專家進場時，抽一張牌。"
Imperious Perfect,驕傲至美,生物～ 妖精／戰士,"由你操控的其他妖精生物得+1/+1。
{G}，{T}：將一個1/1綠色的妖精／戰士衍生物放置進場。"
Faerie Tauntings,仙靈嘲弄,部族結界～ 仙靈,每當你在對手的回合中使用咒語時，你可以讓每位對手各失去1點生命。
Ingot Chewer,嚼錠怪,生物～ 元素,"當嚼錠怪進場時，消滅目標神器。
召魂{R} #（你可以支付此咒語的呼魂費用來使用它。 若你如此作，它進場時便被犧牲。）#"
Protective Bubble,保護氣泡,結界～ 靈氣,"生物結界
受此結界的生物不能被阻擋，且具有帷幕異能。 #（它不能成為咒語或異能的目標。）#"
Consuming Bonfire,營火吞噬,部族巫術～ 元素,選擇一項～營火吞噬對目標非元素生物造成4點傷害；或營火吞噬對目標樹妖生物造成7點傷害。
Timber Protector,林場保護人,生物～ 樹妖／戰士,"由你操控的其他樹妖生物得+1/+1。
由你操控的其他樹妖與樹林均不會毀壞。"
Hearthcage Giant,爐監巨人,生物～ 巨人／戰士,"當爐監巨人進場時，將兩個3/1紅色的元素／祭師衍生物放置進場。
犧牲一個元素：目標巨人生物得+3/+1直到回合結束。"
Ego Erasure,抹消自我,部族瞬間～ 變形獸,"化形 #（此牌隨時都是所有生物類別。）#
直到回合結束，由目標玩家操控的生物得-2/-0且失去所有生物類別。"
Neck Snap,斷頸擊,瞬間,消滅目標進行攻擊或阻擋的生物。
Benthicore,深河精,生物～ 元素,"當深河精進場時，將兩個1/1藍色的人魚／魔法師衍生物放置進場。
橫置兩個由你操控且未橫置的人魚：重置深河精。 它獲得帷幕異能直到回合結束。 #（它不能成為咒語或異能的目標。）#"
Goldmeadow Stalwart,金牧地壯漢,生物～ 潔英／士兵,從你的手上展示一張潔英牌或支付{3}，以作為使用金牧地壯漢的額外費用。
Merrow Reejerey,美洛理騎士,生物～ 人魚／士兵,"由你操控的其他人魚生物得+1/+1。
每當你使用人魚咒語時，你可以橫置或重置目標永久物。"
Lignify,木質化,部族結界～ 樹妖／靈氣,"生物結界
受此結界的生物是0/4樹妖且不具異能。"
Marsh Flitter,沼地掠空客,生物～ 仙靈／浪客,"飛行
當沼地掠空客進場時，將兩個1/1黑色鬼怪／浪客衍生物放置進場。
犧牲一個鬼怪：沼地掠空客成為3/3直到回合結束。"
Mad Auntie,瘋癲大嬸,生物～ 鬼怪／祭師,"由你操控的其他鬼怪生物得+1/+1。
{T}：重生另一個目標鬼怪。"
Boggart Loggers,伐木波尬,生物～ 鬼怪／浪客,"樹林行者
{2}{B}，犧牲伐木波尬：消滅目標樹妖或樹林。"
Squeaking Pie Sneak,吱吱集偷襲客,生物～ 鬼怪／浪客,"從你的手上展示一張鬼怪牌或支付{3}，以作為使用吱吱集偷襲客的額外費用。
恐懼"
Knight of Meadowgrain,牧穀地騎士,生物～ 潔英／騎士,"先攻
繫命 #（每當此生物造成傷害時，你獲得等量的生命。）#"
Wizened Cenn,老年仕紳,生物～ 潔英／僧侶,由你操控的其他傑英生物得+1/+1。
Immaculate Magistrate,無垢官員,生物～ 妖精／祭師,{T}：你每操控一個妖精，就在目標生物上放置一個+1/+1指示物。
Hunter of Eyeblights,礙眼獵捕人,生物～ 妖精／殺手,"當礙眼獵捕人進場時，在目標不由你操控的生物上放置一個+1/+1指示物。
{2}{B}，{T}：消滅目標其上有指示物的生物。"
Jagged-Scar Archers,鋸疤箭手,生物～ 妖精／弓箭手,"鋸疤箭手的力量與防禦力各等同於由你操控的妖精之數量。
{T}：鋸疤箭手對目標具飛行異能的生物造成傷害，其數量等同於其力量。"
Deathrender,歸魂劍,神器～ 武具,"佩帶此武具的生物得+2/+2。
每當佩帶此武具的生物從場上進入墳墓場時，你可以將一張生物牌從你的手上放置進場，並將歸魂劍裝備於其上。
佩帶{2}"
Flamekin Spitfire,噴火炎身,生物～ 元素／祭師,{3}{R}：噴火炎身對目標生物或玩家造成1點傷害。
Incandescent Soulstoke,灼熱燎靈師,生物～ 元素／祭師,"由你操控的其他元素生物得+1/+1。
{1}{R}，{T}：你可以將一張元素生物牌從你手上放置進場。 該生物獲得敏捷異能直到回合結束。 在回合結束時將之犧牲。"
Wren's Run Vanquisher,蒙鳩地降敵兵,生物～ 妖精／戰士,"從你的手上展示一張妖精牌或支付{3}，以作為使用蒙鳩地降敵兵的額外費用。
死觸 #（每當此生物對任一生物造成傷害時，消滅後者。）#"
Thundercloud Shaman,雷雲祭師,生物～ 巨人／祭師,當雷雲祭師進場時，它對每個非巨人生物造成傷害，其數量等同於由你操控的巨人數量。
Herbal Poultice,草藥糊,神器,{3}，犧牲草藥糊：重生目標生物。
Scion of Oona,歐娜後裔,生物～ 仙靈／士兵,"閃現
飛行
由你操控的其他仙靈生物得+1/+1。
由你操控的其他仙靈具有帷幕異能。 #（具帷幕異能的永久物不能成為咒語或異能的目標。）#"
Mudbutton Torchrunner,泥鈕炬跑者,生物～ 鬼怪／戰士,當泥鈕炬跑者從場上置入墳墓場時，它對目標生物或玩家造成3點傷害。
Hostility,敵意,生物～ 元素／化身,"敏捷
如果由你操控的咒語將向對手造成傷害，則防止該傷害。 每以此法防止1點傷害，就將一個3/1紅色，具敏捷異能的元素／祭師衍生物放置進場。
當敵意從任何地方置入墳墓場時，將它洗入其擁有者的牌庫。"
Sower of Temptation,傳惑師,生物～ 仙靈／魔法師,"飛行
當傳惑師進場時，選擇目標生物。只要傳惑師在場，你便獲得其操控權。"
Thorn of Amethyst,紫水晶刺,神器,非生物咒語增加{1}來使用。
Dread,顫慄,生物～ 元素／化身,"恐懼
每當任一生物對你造成傷害時，將其消滅。
當顫慄從任何地方置入墳墓場時，將它洗入其擁有者的牌庫。"
Cairn Wanderer,石塚漫遊者,生物～ 變形獸,"化形 #（此牌隨時都是所有生物類別。）#
只要具飛行異能的生物牌在任何墳墓場中，石塚漫遊者便具有飛行異能。 且恐懼，先攻，連擊，死觸，敏捷，地行者，繫命，保護，延勢，踐踏，帷幕，以及警戒等異能亦比照辦理。"
"Sygg, River Guide",河流領路人席格,傳奇生物～ 人魚／魔法師,"海島行者
{1}{W}：選擇一種顏色，目標由你操控的人魚獲得反該色保護異能直到回合結束。"
Wanderwine Prophets,漫釀先知,生物～ 人魚／魔法師,"奪冠人魚 #（當它進場時，除非你將另一個由你操控的人魚移出遊戲，否則犧牲之。 當它離場時，將該牌移回場上。）#
每當漫釀先知對玩家造成戰鬥傷害時，你可以犧牲一個人魚。 若你如此作，則在本回合後進行額外的一個回合。"
Lowland Oaf,低地蠢貨,生物～ 巨人／戰士,{T}：目標由你操控的鬼怪生物得+1/+0並獲得飛行異能直到回合結束。 在回合結束時犧牲該生物。
Masked Admirers,假面崇美者,生物～ 妖精／祭師,"當假面崇美者進場時，抽一張牌。
每當你使用生物咒語時，你可以支付{G}{G}。 若你如此作，則將假面崇美者從你的墳墓場移回你手上。"
Gaddock Teeg,加達提格,傳奇生物～ 潔英／參謀,"不能使用總魔法力費用大於或等於4的非生物咒語。
不能使用魔法力費用中包括{X}的非生物咒語。"
Arbiter of Knollridge,丘脊仲裁者,生物～ 巨人／魔法師,"警戒
當丘脊仲裁者進場時，每位玩家的總生命成為所有玩家中總生命最高者的數值。"
Guile,智謀,生物～ 元素／化身,"智謀只能被三個或更多生物阻擋。
如果由你操控的咒語或異能將反擊某咒語，則改為將該咒語移出遊戲，你可以使用該牌且不需支付其魔法力費用。
當智謀從任何地方置入墳墓場時，將它洗入其擁有者的牌庫。"
Militia's Pride,義勇軍之傲,部族結界～ 潔英,每當一個由你操控、且非衍生物的生物攻擊時，你可以支付{W}。 若你如此作，則將一個1/1白色潔英／士兵衍生物橫置進場且正進行攻擊。
Wren's Run Packmaster,蒙鳩地狼群使,生物～ 妖精／戰士,"奪冠妖精 #（當它進場時，除非你將另一個由你操控的妖精移出遊戲，否則犧牲之。 當它離場時，將該牌移回場上。）#
{2}{G}：將一個2/2綠色的狼衍生物放置進場。
由你操控的狼具有死觸異能。 #（當它對任一生物造成傷害時，消滅後者。）#"
Shapesharer,傳形妖,生物～ 變形獸,"化形 #（此牌隨時都是所有生物類別。）#
{2}{U}：直到你的下一個回合，目標變形獸成為目標生物的複製。"
"Doran, the Siege Tower",攻城塔杜藍,傳奇生物～ 樹妖／祭師,每個生物皆依照其防禦力來分配戰鬥傷害，而不是依照力量。
Dolmen Gate,石桌墓門,神器,防止將對由你操控的攻擊生物造成的所有戰鬥傷害。
Colfenor's Urn,柯芬諾的甕,神器,"每當一個力量大於或等於4的生物從場上置入你的墳墓場時，你可以將它移出遊戲。
在回合結束時，如果三張或更多牌已經被柯芬諾的甕移出遊戲，則犧牲之。 若你如此作，則將這些牌在其擁有者的操控下移回場上。"
Purity,純潔,生物～ 元素／化身,"飛行
如果咒語或異能將對你造成傷害，則防止該傷害。 你獲得等同於以此法所防止的傷害之生命。
當純潔從任何地方置入墳墓場時，將它洗入其擁有者的牌庫。"
Rings of Brighthearth,明爐戒,神器,每當你使用起動式異能時，如果它不是魔法力異能，則你可以支付{2}。 若你如此作，則複製該異能。 你可以為該複製選擇新的目標。
Brion Stoutarm,勇臂伯里翁,傳奇生物～ 巨人／戰士,"繫命 #（每當此生物造成傷害時，你獲得等量的生命。）#
{R}，{T}，犧牲一個勇臂伯里翁以外的生物：勇臂伯里翁對目標玩家造成傷害，其數量等同於所犧牲生物的力量。"
Horde of Notions,概念大群,傳奇生物～ 元素,"警戒，踐踏，敏捷
{W}{U}{B}{R}{G}：你可以使用在你墳墓場中的目標元素牌，且不需支付其魔法力費用。"
"Wort, Boggart Auntie",波尬麥汁大嬸,傳奇生物～ 鬼怪／祭師,"恐懼
在你的維持開始時，你可以將目標鬼怪牌從你的墳墓場移回你手上。"
Vigor,活力,生物～ 元素／化身,"踐踏
如果由你操控且不是活力的生物將受到傷害，則防止該傷害。 每以此法防止1點傷害，就在活力上放置一個+1/+1指示物。
當活力從任何地方置入墳墓場時，將它洗入其擁有者的牌庫。"
"Wydwen, the Biting Gale",螫人風薇溫,傳奇生物～ 仙靈／魔法師,"閃現
飛行
{U}{B}，支付1點生命：將螫人風薇溫移回其擁有者手上。"
Boggart Mob,波尬暴民,生物～ 鬼怪／戰士,"奪冠鬼怪 #（當它進場時，除非你將另一個由你操控的鬼怪移出遊戲，否則犧牲之。 當它離場時，將該牌移回場上。）#
每當由你操控的一個鬼怪對玩家造成戰鬥傷害時，你可以將一個1/1黑色的鬼怪／浪客衍生物放置進場。"
Thoughtweft Trio,紡思尖兵,生物～ 潔英／士兵,"先攻，警戒
奪冠潔英 #（當它進場時，除非你將另一個由你操控的潔英移出遊戲，否則犧牲之。 當它離場時，將該牌移回場上。）#
紡思尖兵能阻擋任意數量的生物。"
Nova Chaser,散華追逐者,生物～ 元素／戰士,"踐踏
奪冠元素 #（當它進場時，除非你將另一個由你操控的元素移出遊戲，否則犧牲之。 當它離場時，將該牌移回場上。）#"
Fire-Belly Changeling,炎腹化形,生物～ 變形獸,"化形 #（此牌隨時都是所有生物類別。）#
{R}：炎腹化形得+1/+0直到回合結束。 此異能每回合中最多只能使用兩次。"
Amoeboid Changeling,阿米巴化形,生物～ 變形獸,"化形 #（此牌隨時都是所有生物類別。）#
{T}：目標生物獲得所有生物類別直到回合結束。
{T}：目標生物失去所有生物類別直到回合結束。"
Flamekin Bladewhirl,旋刃炎身,生物～ 元素／戰士,從你的手上展示一張元素牌或支付{3}，以作為使用旋刃炎身的額外費用。
Changeling Titan,化形泰坦,生物～ 變形獸,"化形 #（此牌隨時都是所有生物類別。）#
奪冠生物 #（當它進場時，除非你將另一個由你操控的生物移出遊戲，否則犧牲之。 當它離場時，將該牌移回場上。）#"
Shimmering Grotto,閃爍石室,地,"{T}：加{1}到你的魔法力池中。
{1}，{T}：加一點任意顏色的魔法力到你的魔法力池中。"
Elvish Eulogist,妖精讚頌人,生物～ 妖精／祭師,犧牲妖精讚頌人：你墳墓場中每有一張妖精牌，你便獲得1點生命。
Profane Command,瀆神指命,巫術,選擇兩項～目標玩家失去X點生命；或將目標總魔法力費用為X或更少的生物牌從你的墳墓場返回場上；或目標生物得-X/-X直到回合結束；或至多X個目標生物獲得恐懼異能直到回合結束。
Austere Command,嚴峻指命,巫術,選擇兩項～消滅所有神器；或消滅所有結界；或消滅所有總魔法力費用為3或更少的生物；或消滅所有總魔法力費用為4或更多的生物。
Mirror Entity,鏡身靈,生物～ 變形獸,"化形 #（此牌隨時都是所有生物類別。）#
{X}：由你操控的生物成為X/X並獲得所有生物類別直到回合結束。"
Cryptic Command,地下指命,瞬間,選擇兩項～反擊目標咒語；或將目標永久物移回其擁有者手上；或橫置由全部對手所操控的所有生物；或抽一張牌。
Ashling the Pilgrim,朝聖客灰兒,傳奇生物～ 元素／祭師,{1}{R}：在朝聖客灰兒上放置一個+1/+1指示物。 如果這是此異能在本回合第三次的結算，則移去朝聖客灰兒上所有的+1/+1指示物，且它對每個生物和每位玩家各造成該數量的傷害。
Primal Command,原初指命,巫術,選擇兩項～目標玩家獲得7點生命；或將目標非生物永久物置於其擁有者的牌庫頂；或目標玩家將其墳墓場洗入其牌庫；或從你的牌庫中搜尋一張生物牌，展示該牌，並置於你手上，然後將你的牌庫洗牌。
Mistbind Clique,霧鎖聚群,生物～ 仙靈／魔法師,"閃現
飛行
奪冠仙靈 #（當它進場時，除非你將另一個由你操控的仙靈移出遊戲，否則犧牲之。 當它離場時，將該牌移回場上。）#
當一個仙靈被霧鎖聚群奪冠時，橫置所有由目標玩家操控的地。"
Surgespanner,跨濤師,生物～ 人魚／魔法師,每當跨濤師成為橫置時，你可以支付{1}{U}。 若你如此作，則將目標永久物移回其擁有者手上。
"Brigid, Hero of Kinsbaile",英莊園勇士布莉姬,傳奇生物～ 潔英／弓箭手,"先攻
{T}：英莊園勇士布莉姬對由目標玩家操控、且進行攻擊或阻擋的所有生物各造成2點傷害。"
Incendiary Command,煽動指命,巫術,選擇兩項～煽動指命對目標玩家造成4點傷害；或煽動指命對每個生物各造成2點傷害；或消滅目標非基本地；或每位玩家棄掉所有手牌，然後抽等量的牌。
Dauntless Dourbark,不屈韌皮樹,生物～ 樹妖／戰士,"不屈韌皮樹之力量與防禦力各等同於由你操控的樹林數量與由你操控的樹妖數量之總和。
只要你操控其他樹妖，不屈韌皮樹便具有踐踏異能。"
Silvergill Douser,銀鰓浸水師,生物～ 人魚／魔法師,{T}：目標生物得-X/-0直到回合結束，X為由你操控的人魚和／或仙靈數量。
Battlewand Oak,戰杖橡樹,生物～ 樹妖／戰士,"每當一個樹林在你的操控下進場時，戰杖橡樹得+2/+2直到回合結束。
每當你使用一個樹妖咒語時，戰杖橡樹得+2/+2直到回合結束。"
Vivid Grove,虹霓樹叢,地,"虹霓樹叢進場時上面有兩個充電指示物且須橫置。
{T}：加{G}到你的魔法力池中。
{T}，從虹霓樹叢上移去一個充電指示物：加一點任意顏色的魔法力到你的魔法力池中。"
Vivid Marsh,虹霓泥沼,地,"虹霓泥沼進場時上面有兩個充電指示物且須橫置。
{T}：加{B}到你的魔法力池中。
{T}，從虹霓泥沼上移去一個充電指示物：加一點任意顏色的魔法力到你的魔法力池中。"
Vivid Creek,虹霓小溪,地,"虹霓小溪進場時上面有兩個充電指示物且須橫置。
{T}：加{U}到你的魔法力池中。
{T}，從虹霓小溪上移去一個充電指示物：加一點任意顏色的魔法力到你的魔法力池中。"
Vivid Crag,虹霓峭壁,地,"虹霓峭壁進場時上面有兩個充電指示物且須橫置。
{T}：加{R}到你的魔法力池中。
{T}，從虹霓峭壁上移去一個充電指示物：加一點任意顏色的魔法力到你的魔法力池中。"
Vivid Meadow,虹霓牧地,地,"虹霓牧地進場時上面有兩個充電指示物且須橫置。
{T}：加{W}到你的魔法力池中。
{T}，從虹霓牧地上移去一個充電指示物：加一點任意顏色的魔法力到你的魔法力池中。"
Deeptread Merrow,深行美洛,生物～ 人魚／浪客,{U}：深行美洛獲得海島行者異能直到回合結束。
Aquitect's Will,建渠者的意志,部族巫術～ 人魚,在目標地上放置一個洪水指示物。 只要其上有洪水指示物，該地便額外具有海島此類別。 若你操控人魚，則抽一張牌。
Hornet Harasser,黃蜂騷擾師,生物～ 鬼怪／祭師,當黃蜂騷擾師從場上進入墳墓場時，目標生物得-2/-2直到回合結束。
Goldmeadow Dodger,金牧地躲閃客,生物～ 潔英／浪客,金牧地躲閃客不能被力量大於或等於4的生物阻擋。
Zephyr Net,西風網,結界～ 靈氣,"生物結界
受此結界的生物具有守軍與飛行異能。"
Stonybrook Angler,石溪釣客,生物～ 人魚／魔法師,{1}{U}，{T}：你可以橫置或重置目標生物。
Boggart Birth Rite,波尬誕生儀式,部族巫術～ 鬼怪,將目標鬼怪牌從你的墳墓場移回你手上。
Cenn's Heir,仕紳傳人,生物～ 潔英／士兵,每當仕紳傳人攻擊時，每有一個進行攻擊的其他潔英，它便得+1/+1直到回合結束。
Facevaulter,跺臉客,生物～ 鬼怪／戰士,{B}，犧牲一個鬼怪：跺臉客得+2/+2直到回合結束。
Tideshaper Mystic,塑潮秘教徒,生物～ 人魚／魔法師,{T}：選擇一種基本地類別，目標地成為該類別直到回合結束。 你只可以於自己的回合中使用此異能。
Goatnapper,牽羊客,生物～ 鬼怪／浪客,當牽羊客進場時，重置目標山羊並獲得其操控權直到回合結束。 它獲得敏捷異能直到回合結束。
Briarhorn,荊棘角,生物～ 元素,"閃現
當荊棘角進場時，目標生物得+3/+3直到回合結束。
呼魂{1}{G} #（你可以支付此咒語的呼魂費用來使用它。 若你如此作，它進場時便被犧牲。）#"
Thorntooth Witch,荊牙巫師,生物～ 樹妖／祭師,每當你使用樹妖咒語時，你可以使目標生物得+3/-3直到回合結束。
Springjack Knight,兔腳羊騎士,生物～ 潔英／騎士,每當兔腳羊騎士攻擊時，與一位對手比點。 若你贏，則目標生物獲得連擊異能直到回合結束。 #（參與比點的玩家各展示其牌庫頂牌，然後將該牌置於牌庫頂部或底部。 所展示的牌之總魔法力費用比較高的玩家贏得比點。）#
Kinsbaile Skirmisher,英莊園偵衛,生物～ 潔英／士兵,當英莊園偵衛進場時，目標生物得+1/+1直到回合結束。
Lys Alana Scarblade,黎撒拉那劃疤客,生物～ 妖精／殺手,{T}，棄掉一張妖精牌：目標生物得-X/-X直到回合結束，X為由你操控的妖精數量。
Dragon Roost,巨龍宿巢,結界,{5}{R}{R}：將一個5/5紅色，具飛行異能的龍衍生物放置進場。 #（只有具飛行或延勢異能的生物才能阻擋它。）#
War-Spike Changeling,戰刺化形,生物～ 變形獸,"化形 #（此牌隨時都是所有生物類別。）#
{R}：戰刺化形獲得先攻異能直到回合結束。"
Moonglove Changeling,月地黃化形,生物～ 變形獸,"化形 #（此牌隨時都是所有生物類別。）#
{B}：月地黃化形獲得死觸異能直到回合結束。 #（每當此生物對任一生物造成傷害時，消滅後者。）#"
Changeling Sentinel,化形哨兵,生物～ 變形獸,"化形 #（此牌隨時都是所有生物類別。）#
警戒"
Game-Trail Changeling,獵徑化形,生物～ 變形獸,"化形 #（此牌隨時都是所有生物類別。）#
踐踏"
Mothdust Changeling,蛾粉化形,生物～ 變形獸,"化形 #（此牌隨時都是所有生物類別。）#
橫置一個由你操控且未橫置的生物：蛾粉化形獲得飛行異能直到回合結束。"
Nath of the Gilt-Leaf,金葉的納斯,傳奇生物～ 妖精／戰士,"在你的維持開始時，你可以令目標對手隨機棄一張牌。
每當對手棄一張牌時，你可以將一個1/1綠色的妖精／戰士衍生物放置進場。"
Fistful of Force,力貫拳鋒,瞬間,目標生物得+2/+2直到回合結束。 與一位對手比點。 若你贏，則該生物額外再得+2/+2並獲得踐踏異能直到回合結束。 #（參與比點的玩家各展示其牌庫頂牌，然後將該牌置於牌庫頂部或底部。 所展示的牌之總魔法力費用比較高的玩家贏得比點。）#
Twinning Glass,雙身鏡,神器,{1}，{T}：如果你手上的某張非地牌與本回合中使用過的某咒語同名，則你可以使用該牌且不需支付其魔法力費用。
Lace with Moonglove,滲浸月地黃,瞬間,"目標生物獲得死觸異能直到回合結束。 #（每當此生物對任一生物造成傷害時，消滅後者。）#
抽一張牌。"
Crib Swap,暗中掉包,部族瞬間～ 變形獸,"化形 #（此牌隨時都是所有生物類別。）#
將目標生物移出遊戲。 其操控者將一個1/1無色，具化形異能的變形獸衍生物放置進場。"
Hurly-Burly,騷動不斷,巫術,選擇一項～騷動不斷對每個不具飛行異能的生物各造成1點傷害；或騷動不斷對每個具飛行異能的生物各造成1點傷害。
Lairwatch Giant,守園巨人,生物～ 巨人／戰士,"守園巨人可以額外多阻擋一個生物。
每當守園巨人阻擋兩個或更多生物時，它獲得先攻異能直到回合結束。"
Crush Underfoot,一腳踩扁,部族瞬間～ 巨人,選擇由你操控的一個巨人生物。 它對目標生物造成等同於前者力量的傷害。
Nameless Inversion,無名倒錯,部族瞬間～ 變形獸,"化形 #（此牌隨時都是所有生物類別。）#
目標生物得+3/-3且失去所有生物類別直到回合結束。"
Stinkdrinker Daredevil,臭飲冒險客,生物～ 鬼怪／浪客,你使用的巨人咒語費用減少{2}來使用。
Knucklebone Witch,蹠骨巫師,生物～ 鬼怪／祭師,每當一個由你操控的鬼怪從場上進入墳墓場時，你可以在蹠骨巫師上放置一個+1/+1指示物。
Hunt Down,捕獲,巫術,目標生物本回合若能阻擋目標生物，則須阻擋之。
Forest,樹林,基本地～ 樹林,
Island,海島,基本地～ 海島,
Plains,平原,基本地～ 平原,
Mountain,山脈,基本地～ 山脈,
Swamp,沼澤,基本地～ 沼澤,
Hamletback Goliath,馱村巨人,生物～ 巨人／戰士,每當另一個生物進場時，你可以在馱村巨人上放置X個+1/+1指示物，X為該生物的力量。
Favor of the Mighty,強者蒙恩,部族結界～ 巨人,每個總魔法力費用為最高的生物均獲得反五色保護異能。
Summon the School,魚群召喚,部族巫術～ 人魚,"將兩個1/1藍色的人魚／魔法師衍生物放置進場。
橫置四個由你操控且未橫置的人魚：將魚群召喚從你的墳墓場移回你手上。"
Eyes of the Wisent,野牛之眼,部族結界～ 元素,每當任一對手在你的回合使用藍色咒語時，你可以將一個4/4綠色元素衍生物放置進場。
Hoofprints of the Stag,雄鹿蹄印,部族結界～ 元素,"每當你抽一張牌時，你可以在雄鹿蹄印上放置一個蹄印指示物。
{2}{W}，從雄鹿蹄印上移去四個蹄印指示物：將一個4/4白色，具飛行異能的元素衍生物放置進場。 你只可以於自己的回合中使用此異能。"
Nettlevine Blight,枯萎蕁麻藤,結界～ 靈氣,"生物結界或地結界
受此結界的永久物具有「在你的回合結束時，犧牲此永久物並將荒蕪蕁麻藤結附在由你操控的生物或地上。」"
Epic Proportions,巨大無比,結界～ 靈氣,"閃現
生物結界
受此結界的生物得+5/+5並具有踐踏異能。"
Windbrisk Heights,迅風高地,地,"掩蔽 #（此地須橫置進場。 當它進場時，檢視你牌庫頂的四張牌，將其中一張牌面朝下地移出遊戲，然後將其餘的牌置於你牌庫底。）#
{T}：加{W}到你的魔法力池中。
{W}，{T}：如果你於本回合中以三個或更多生物攻擊，則你可以使用所移出遊戲的牌，且不須支付其魔法力費用。"
Surge of Thoughtweft,紡思翻騰,部族瞬間～ 潔英,由你操控的生物得+1/+1直到回合結束。 若你操控潔英，則抽一張牌。
Mournwhelk,悼亡蛾螺,生物～ 元素,"當悼亡蛾螺進場時，目標玩家棄兩張牌。
呼魂{3}{B} #（你可以支付此咒語的呼魂費用來使用它。 若你如此作，它進場時便被犧牲。）#"
Dawnfluke,黎明鰈魚精,生物～ 元素,"閃現
當黎明鰈魚精進場時，防止本回合接下來將對目標生物或玩家造成的3點傷害。
召魂{W} #（你可以支付此咒語的呼魂費用來使用它。 若你如此作，它進場時便被犧牲。）#"
Ringskipper,領輪師,生物～ 仙靈／魔法師,"飛行
當領輪師從場上置入墳墓場時，與一位對手比點。 若你贏，則將領輪師移回其擁有者手上。 #（參與比點的玩家各展示其牌庫頂牌，然後將該牌置於牌庫頂部或底部。 所展示的牌之總魔法力費用比較高的玩家贏得比點。）#"
Fallowsage,靜修賢者,生物～ 人魚／魔法師,每當靜修賢者成為橫置時，你可以抽一張牌。
Changeling Berserker,化形狂戰士,生物～ 變形獸,"化形 #（此牌隨時都是所有生物類別。）#
敏捷
奪冠生物 #（當它進場時，除非你將另一個由你操控的生物移出遊戲，否則犧牲之。 當它離場時，將該牌移回場上。）#"
Turtleshell Changeling,龜殼化形,生物～ 變形獸,"化形 #（此牌隨時都是所有生物類別。）#
{1}{U}：將龜殼化形之力量與防禦力互換直到回合結束。"
Heal the Scars,醫治傷疤,瞬間,重生目標生物。 你獲得等同於該生物防禦力的生命。
Skeletal Changeling,骨骸化形,生物～ 變形獸,"化形 #（此牌隨時都是所有生物類別。）#
{1}{B}：重生骨骸化形。"
Mulldrifter,漂念精,生物～ 元素,"飛行
當漂念精進場時，抽兩張牌。
呼魂{2}{U} #（你可以支付此咒語的呼魂費用來使用它。 若你如此作，它進場時便被犧牲。）#"
Gilt-Leaf Seer,金葉預言師,生物～ 妖精／祭師,{G}，{T}：檢視你牌庫頂的兩張牌，然後將它們以任意順序放回。
Avian Changeling,舞空化形,生物～ 變形獸,"化形 #（此牌隨時都是所有生物類別。）#
飛行"
Paperfin Rascal,薄鰭無賴,生物～ 人魚／浪客,當薄鰭無賴進場時，與一位對手比點。 若你贏，則在薄鰭無賴上放置一個+1/+1指示物。 #（參與比點的玩家各展示其牌庫頂牌，然後將該牌置於牌庫頂部或底部。 所展示的牌之總魔法力費用比較高的玩家贏得比點。）#
Pollen Lullaby,花粉搖籃曲,瞬間,於本回合中，防止將造成的所有戰鬥傷害。 與一位對手比點。 若你贏，則該玩家所操控的生物在該玩家的下一個重置步驟中不能重置。 #（參與比點的玩家各展示其牌庫頂牌，然後將該牌置於牌庫頂部或底部。 所展示的牌之總魔法力費用比較高的玩家贏得比點。）#
Woodland Changeling,林地化形,生物～ 變形獸,化形 #（此牌隨時都是所有生物類別。）#
AEthersnipe,乙太空靶,生物～ 元素,"當乙太空靶進場時，將目標非地永久物移回其擁有者手上。
呼魂{1}{U}{U} #（你可以支付此咒語的呼魂費用來使用它。 若你如此作，它進場時便被犧牲。）#"
Faultgrinder,翻突怪,生物～ 元素,"踐踏
當翻突怪進場時，消滅目標地。
呼魂{4}{R} #（你可以支付此咒語的呼魂費用來使用它。 若你如此作，它進場時便被犧牲。）#"
Bog Hoodlums,泥坑流氓,生物～ 鬼怪／戰士,"泥坑流氓不能進行阻擋。
當泥坑流氓進場時，與一位對手比點。 若你贏，則在泥坑流氓上放置一個+1/+1指示物。 #（參與比點的玩家各展示其牌庫頂牌，然後將該牌置於牌庫頂部或底部。 所展示的牌之總魔法力費用比較高的玩家贏得比點。）#"
Warren Pilferers,繁殖地小偷,生物～ 鬼怪／浪客,當繁殖地小偷進場時，你可以將目標生物牌從你的墳墓場移回你手上。 若該牌是鬼怪牌，則繁殖地小偷獲得敏捷直到回合結束。
Changeling Hero,化形勇士,生物～ 變形獸,"化形 #（此牌隨時都是所有生物類別。）#
奪冠生物 #（當它進場時，除非你將另一個由你操控的生物移出遊戲，否則犧牲之。 當它離場時，將該牌移回場上。）#
繫命 #（每當此生物造成傷害時，你獲得等量的生命。）#"
Thoughtseize,攫取思緒,巫術,目標玩家展示其手牌。 你選擇其中一張非地的牌。 該玩家棄掉該牌。 你失去2點生命。
Sentry Oak,橡樹哨兵,生物～ 樹妖／戰士,"守軍
在你回合的戰鬥開始時，你可以與一位對手比點。 若你贏，則橡樹哨兵得+2/+0且失去守軍異能直到回合結束。 #（參與比點的玩家各展示其牌庫頂牌，然後將該牌置於牌庫頂部或底部。 所展示的牌之總魔法力費用比較高的玩家贏得比點。）#"
Hillcomber Giant,搜山巨人,生物～ 巨人／斥候,山脈行者
Battle Mastery,精研戰技,結界～ 靈氣,"生物結界
受此結界的生物具有連擊異能。"
Wispmare,靈駒,生物～ 元素,"飛行
當靈駒進場時，消滅目標結界。
召魂{W} #（你可以支付此咒語的呼魂費用來使用它。 若你如此作，它進場時便被犧牲。）#"
Whirlpool Whelm,漩渦壓頂,瞬間,與一位對手比點，然後將目標生物移回其擁有者手上。 若你贏，則你可以改為將該生物置於其擁有者的牌庫頂。 #（參與比點的玩家各展示其牌庫頂牌，然後將該牌置於牌庫頂部或底部。 所展示的牌之總魔法力費用比較高的玩家贏得比點。）#
Axegrinder Giant,磨斧巨人,生物～ 巨人／戰士,
Drowner of Secrets,沉密師,生物～ 人魚／魔法師,橫置一個由你操控且未橫置的人魚：目標玩家將其牌庫頂牌置入其墳墓場。
Glarewielder,眩光師,生物～ 元素／祭師,"敏捷
當眩光師進場時，至多兩個目標生物本回合不能進行阻擋。
呼魂{1}{R} #（你可以支付此咒語的呼魂費用來使用它。 若你如此作，它進場時便被犧牲。）#"
Gilt-Leaf Ambush,金葉伏擊,部族瞬間～ 妖精,將兩個1/1綠色的妖精／戰士衍生物放置進場。 與一位對手比點。 若你贏，則這些生物獲得死觸直到回合結束。 #（參與比點的玩家各展示其牌庫頂牌，然後將該牌置於牌庫頂部或底部。 所展示的牌之總魔法力費用比較高的玩家贏得比點。 每當此生物對任一生物造成傷害時，消滅後者。）#
Kithkin Healer,潔英治療師,生物～ 潔英／僧侶,{T}：於本回合中，防止接下來將對目標生物或玩家造成的1點傷害。
Lash Out,猛擊,瞬間,猛擊對目標生物造成3點傷害。 與一位對手比點。 若你贏，則猛擊再對該生物的操控者造成3點傷害。 #（參與比點的玩家各展示其牌庫頂牌，然後將該牌置於牌庫頂部或底部。 所展示的牌之總魔法力費用比較高的玩家贏得比點。）#
Oaken Brawler,橡樹喧嘩兵,生物～ 樹妖／戰士,當橡樹喧嘩兵進場時，與一位對手比點。 若你贏，則在橡樹喧嘩兵上放置一個+1/+1指示物。 #（參與比點的玩家各展示其牌庫頂牌，然後將該牌置於牌庫頂部或底部。 所展示的牌之總魔法力費用比較高的玩家贏得比點。）#
Broken Ambitions,破碎野心,瞬間,除非目標咒語的操控者支付{X}，否則反擊該咒語。 與一位對手比點。 若你贏，則該咒語的操控者將其牌庫頂的四張牌置於其墳墓場。 #（參與比點的玩家各展示其牌庫頂牌，然後將該牌置於牌庫頂部或底部。 所展示的牌之總魔法力費用比較高的玩家贏得比點。）#
Nath's Elite,納斯精兵,生物～ 妖精／戰士,"所有能夠阻擋納斯精兵的生物皆須阻擋之。
當納斯精兵進場時，與一位對手比點。 若你贏，則在納斯精兵上放置一個+1/+1指示物。 #（參與比點的玩家各展示其牌庫頂牌，然後將該牌置於牌庫頂部或底部。 所展示的牌之總魔法力費用比較高的玩家贏得比點。）#"
Weed Strangle,窒息野草,巫術,消滅目標生物。 與一位對手比點。 若你贏，則你獲得等同於該生物防禦力的生命。 #（參與比點的玩家各展示其牌庫頂牌，然後將該牌置於牌庫頂部或底部。 所展示的牌之總魔法力費用比較高的玩家贏得比點。）#
Adder-Staff Boggart,蛇杖波尬,生物～ 鬼怪／戰士,當蛇杖波尬進場時，與一位對手比點。 若你贏，則在蛇杖波尬上放置一個+1/+1指示物。 #（參與比點的玩家各展示其牌庫頂牌，然後將該牌置於牌庫頂部或底部。 所展示的牌之總魔法力費用比較高的玩家贏得比點。）#
Hoarder's Greed,藏寶貪欲,巫術,你失去2點生命並抽兩張牌，然後與一位對手比點。 若你贏，則重複此流程。 #（參與比點的玩家各展示其牌庫頂牌，然後將該牌置於牌庫頂部或底部。 所展示的牌之總魔法力費用比較高的玩家贏得比點。）#
Needle Drop,落針,瞬間,"落針對目標在本回合受過傷害的生物或玩家造成1點傷害。
抽一張牌。"
Glen Elendra Pranksters,艾藍卓幽谷惡戲者,生物～ 仙靈／魔法師,"飛行
每當你在對手的回合中使用咒語時，你可以將目標由你操控的生物移回其擁有者手上。"
Seedguide Ash,導實梣木,生物～ 樹妖／德魯伊,當導實梣木從場上置入墳墓場時，你可以從你的牌庫中搜尋至多三張樹林牌，並將它們橫置進場。 若你如此作，則將你的牌庫洗牌。
Forced Fruition,強迫結實,結界,每當任一對手使用咒語時，該玩家抽七張牌。
Prowess of the Fair,英勇美技,部族結界～ 妖精,每當另一個非衍生物的妖精從場上置入你的墳墓場時，你可以將一個1/1綠色的妖精／戰士衍生物放置進場。
Boggart Forager,搜糧波尬,生物～ 鬼怪／浪客,{R}，犧牲搜糧波尬：目標玩家洗他的牌庫。
Elvish Branchbender,彎枝妖精,生物～ 妖精／德魯伊,{T}：直到回合結束，目標樹林成為X/X樹妖生物且仍具有原本類別，X為由你操控的妖精數量。
Fathom Trawl,湛水捕撈,巫術,從你牌庫頂開始展示牌，直到你展示出三張非地牌為止。 將所有以此法展示的非地牌置於你手上，然後將其餘展示的牌以任意順序置於你的牌庫底。
Final Revels,終極迷醉,巫術,選擇一項～所有生物得+2/+0直到回合結束；或所有生物得-0/-2直到回合結束。
Captivating Glance,蠱惑目光,結界～ 靈氣,"生物結界
在你的回合結束時，與一位對手比點。 若你贏，則獲得受此結界的生物之操控權。 若你沒有贏，則該玩家獲得受此結界的生物之操控權。 #（參與比點的玩家各展示其牌庫頂牌，然後將該牌置於牌庫頂部或底部。 所展示的牌之總魔法力費用比較高的玩家贏得比點。）#"
Cloudthresher,掃雲怪,生物～ 元素,"閃現
延勢 #（它能阻擋具飛行異能的生物。）#
當掃雲怪進場時，它對每個具飛行異能的生物與每位玩家各造成2點傷害。
呼魂{2}{G}{G} #（你可以支付此咒語的呼魂費用來使用它。 若你如此作，它進場時便被犧牲。）#"
Shriekmaw,尖吼怪,生物～ 元素,"恐懼
當尖吼怪進場時，消滅目標非神器且非黑色的生物。
呼魂{1}{B} #（你可以支付此咒語的呼魂費用來使用它。 若你如此作，它進場時便被犧牲。）#"
Shelldock Isle,殼塢島,地,"掩蔽 #（此地須橫置進場。 當它進場時，檢視你牌庫頂的四張牌，將其中一張牌面朝下地移出遊戲，然後將其餘的牌置於你牌庫底。）#
{T}：加{U}到你的魔法力池中。
{U}，{T}：如果某牌庫有二十張牌或更少，則你可以使用所移出遊戲的牌，且不須支付其魔法力費用。"
Elvish Handservant,妖精隨侍,生物～ 妖精／戰士,每當任一玩家使用巨人咒語時，你可以在妖精隨侍上放置一個+1/+1指示物。
Exiled Boggart,流放波尬,生物～ 鬼怪／浪客,當流放波尬從場上置入墳墓場時，棄一張牌。
Kithkin Greatheart,壯志潔英,生物～ 潔英／士兵,只要你操控巨人，壯志潔英便得+1/+1且具有先攻異能。
Spiderwig Boggart,蛛髮波尬,生物～ 鬼怪／祭師,當蛛髮波尬進場時，目標生物獲得恐懼異能直到回合結束。
Boggart Sprite-Chaser,纏仙波尬,生物～ 鬼怪／戰士,只要你操控仙靈，纏仙波尬便得+1/+1並具有飛行異能。
Fodder Launch,糧秣發射,部族巫術～ 鬼怪,"犧牲一個鬼怪，以作為使用糧秣發射的額外費用。
目標生物得-5/-5直到回合結束。 糧秣發射對該生物的操控者造成5點傷害。"
Triclopean Sight,三眼靈視,結界～ 靈氣,"閃現
生物結界
當三眼靈視進場時，重置受此結界的生物。
受此結界的生物得+1/+1並具有警戒異能。"
Colfenor's Plans,柯芬諾的計畫,結界,"當柯芬諾的計畫進場時，將你牌庫頂的七張牌面朝下地移出遊戲。
你可以檢視及使用以柯芬諾的計畫移出遊戲之牌。
略過你的抽牌步驟。
你每回合不能使用一個以上的咒語。"
Oona's Prowler,歐娜的遊掠者,生物～ 仙靈／浪客,"飛行
棄一張牌：歐娜的遊掠者得-2/-0 直到回合結束。 任何玩家均可以使用此異能。"
Entangling Trap,糾結陷阱,結界,每當你比點時，橫置目標由對手操控的生物。 若你贏，則該生物於其操控者的下一個重置步驟中不能重置。 #（此異能在比點結束後觸發。）#
Familiar's Ruse,傭獸詐術,瞬間,"將由你操控的一個生物移回其擁有者手上，以作為使用傭獸詐術的額外費用。
反擊目標咒語。"
Scapeshift,變境,巫術,犧牲任意數量的地。 從你的牌庫中搜尋該數量的地牌，將它們橫置進場，然後將你的牌庫洗牌。
Woodland Guidance,引導林地,巫術,"將目標牌從你的墳墓場移回你手上。 與一位對手比點。 若你贏，則重置所有由你操控的樹林。 #（參與比點的玩家各展示其牌庫頂牌，然後將該牌置於牌庫頂部或底部。 所展示的牌之總魔法力費用比較高的玩家贏得比點。）#
將引導林地移出遊戲。"
Ashling's Prerogative,灰兒的特權,結界,"於灰兒的特權進場時，選擇奇數或偶數。 #（零是偶数。）#
所有總魔法力費用是該種數值的生物具有敏捷。
所有總魔法力費用不是該種數值的生物須橫置進場。"
Blind-Spot Giant,盲點巨人,生物～ 巨人／戰士,除非你操控其他巨人，否則盲點巨人不能進行攻擊或阻擋。
Inner-Flame Acolyte,心焰侍僧,生物～ 元素／祭師,"當心焰侍僧進場時，目標生物得+2/+0且獲得敏捷異能直到回合結束。
召魂{R} #（你可以支付此咒語的呼魂費用來使用它。 若你如此作，它進場時便被犧牲。）#"
Wild Ricochet,猛烈跳彈,瞬間,你可以為目標瞬間或巫術咒語選擇新的目標。 然後複製該咒語。 你可以為該複製選擇新的目標。
Sylvan Echoes,森林迴響,結界,每當你比點並贏了，你可以抽一張牌。 #（此異能在比點結束後觸發。）#
Incremental Growth,增值成長,巫術,在目標生物上放置一個+1/+1指示物，另一個目標生物上放置兩個+1/+1指示物，並在第三個目標生物上放置三個+1/+1指示物。
Door of Destinies,命運之門,神器,"於命運之門進場時，選擇一種生物類別。
每當你使用該類別的咒語時，在命運之門上放置一個充電指示物。
命運之門上每有一個充電指示物，由你操控的該類別生物便得+1/+1。"
Supreme Exemplar,超凡模範,生物～ 元素,"飛行
奪冠元素 #（當它進場時，除非你將另一個由你操控的元素移出遊戲，否則犧牲之。 當它離場時，將該牌移回場上。）#"
Fire Juggler,戲火人,生物～ 鬼怪／祭師,每當戲火人被阻擋時，與一位對手比點。 若你贏，則戲火人對每個阻擋它的生物各造成4點傷害。 #（參與比點的玩家各展示其牌庫頂牌，然後將該牌置於牌庫頂部或底部。 所展示的牌之總魔法力費用比較高的玩家贏得比點。）#
Sensation Gorger,感知食客,生物～ 鬼怪／祭師,#血族#～在你的維持開始時，你可以檢視你的牌庫頂牌。 如果它與感知食客有共通之生物類別，你可以展示該牌。 如果你如此作，則每位玩家棄掉其手牌，然後抽四張牌。
Maralen of the Mornsong,晨曲的馬拉蘭,傳奇生物～ 妖精／魔法師,"玩家不能抽牌。
在每位玩家的抽牌步驟開始時，該玩家失去3點生命，從其牌庫中搜尋一張牌，將該牌置於其手上，然後將他的牌庫洗牌。"
Vendilion Clique,薇安留聚群,傳奇生物～ 仙靈／魔法師,"閃現
飛行
當薇安留聚群進場時，檢視目標玩家的手牌。 你可以選擇其中一張非地的牌。 如果你如此作，則該玩家展示你選的牌，將該牌置於其牌庫底，然後抽一張牌。"
Titan's Revenge,泰坦復仇,巫術,泰坦復仇對目標生物或玩家造成X點傷害。 與一位對手比點。 若你贏，則將泰坦復仇移回其擁有者手上。 #（參與比點的玩家各展示其牌庫頂牌，然後將該牌置於牌庫頂部或底部。 所展示的牌之總魔法力費用比較高的玩家贏得比點。）#
Walker of the Grove,歷叢靈,生物～ 元素,"當歷叢靈離場時，將一個4/4綠色元素衍生物放置進場。
呼魂{4}{G} #（你可以支付此咒語的呼魂費用來使用它。 若你如此作，它進場時便被犧牲。）#"
Hostile Realm,敵意地界,結界～ 靈氣,"地結界
受此結界的地具有「{T}：目標生物本回合不能進行阻擋。」"
Heritage Druid,傳承德魯伊,生物～ 妖精／德魯伊,橫置三個由你操控且未橫置的妖精：加{G}{G}{G}到你的魔法力池中。
Bosk Banneret,樹叢旗幟,生物～ 樹妖／祭師,你使用的樹妖和祭師費用減少{1}來使用。
Kindled Fury,點燃怒火,瞬間,目標生物得+1/+0且獲得先攻異能直到回合結束。
Negate,失效,瞬間,反擊目標非生物咒語。
Offalsnout,嗅雜靈,生物～ 元素,"閃現
當嗅雜靈進場時，將目標牌從墳墓場移出遊戲。
呼魂{B} #（你可以支付此咒語的呼魂費用來使用它。 若你如此作，它進場時便被犧牲。）#"
Notorious Throng,惡名大群,部族巫術～ 浪客,"伺機{5}{U} #（如果你於本回合中以浪客向玩家造成戰鬥傷害，你可以支付此牌的伺機費用來使用它。）#
將X個1/1黑色，具有飛行異能的仙靈／浪客衍生物放置進場，X為對手本回合受過的傷害數量。 若曾支付惡名大群的伺機費用，則在本回合後進行額外的一個回合。"
Lunk Errant,漫遊呆瓜,生物～ 巨人／戰士,每當漫遊呆瓜單獨攻擊時，它便得+1/+1且獲得踐踏異能直到回合結束。
Mosquito Guard,蚊叮守衛,生物～ 潔英／士兵,"先攻
補強1～{1}{W} #（{1}{W}，棄掉此牌：在目標生物上放置一個+1/+1指示物。）#"
Rivals' Duel,單挑敵手,巫術,選擇兩個目標不具共通生物類別的生物。 這兩個生物各向對方造成等同於本身力量的傷害。
Frogtosser Banneret,擲蛙旗幟,生物～ 鬼怪／浪客,"敏捷
你使用的鬼怪和浪客咒語費用減少{1}來使用。"
Stonehewer Giant,劈岩巨人,生物～ 巨人／戰士,"警戒
{1}{W}，{T}：從你的牌庫中搜尋一張武具牌並將之放置進場。 將它裝備在由你操控的一個生物上。 然後將你的牌庫洗牌。"
Sigil Tracer,印記映描師,生物～ 人魚／魔法師,{1}{U}，橫置兩個由你操控且未橫置的魔法師：複製目標瞬間或巫術咒語。 你可以為該複製選擇新的目標。
Preeminent Captain,傑出隊長,生物～ 潔英／士兵,"先攻
每當傑出隊長攻擊時，你可以從你手上將一張士兵生物牌橫置進場，且正進行攻擊。"
Cloak and Dagger,斗篷與短刀,部族神器 浪客／武具,"佩帶此武具的生物得+2/+0且具有帷幕異能。 #（它不能成為咒語或異能的目標。）#
每當一個浪客生物進場時，你可以將斗篷與短刀裝備於其上。
佩帶{3}"
Fendeep Summoner,深沼召喚師,生物～ 樹妖／祭師,{T}：直到回合結束，至多兩個目標沼澤成為3/5樹妖／戰士生物，且仍具有原本類別。
Redeem the Lost,救贖迷途者,瞬間,選擇一種顏色，目標由你操控的生物獲得反該色保護異能直到回合結束。 與一位對手比點。 若你贏，則將救贖迷途者移回其擁有者手上。 #（參與比點的玩家各展示其牌庫頂牌，然後將該牌置於牌庫頂部或底部。 所展示的牌之總魔法力費用比較高的玩家贏得比點。）#
Research the Deep,探究深水,巫術,抽一張牌。 與一位對手比點。 若你贏，則將探究深水移回其擁有者手上。 #（參與比點的玩家各展示其牌庫頂牌，然後將該牌置於牌庫頂部或底部。 所展示的牌之總魔法力費用比較高的玩家贏得比點。）#
Release the Ants,放蟻咬人,瞬間,放蟻咬人對目標生物或玩家造成1點傷害。 與一位對手比點。 若你贏，則將放蟻咬人移回其擁有者手上。 #（參與比點的玩家各展示其牌庫頂牌，然後將該牌置於牌庫頂部或底部。 所展示的牌之總魔法力費用比較高的玩家贏得比點。）#
Ballyrush Banneret,巴立盧旗幟,生物～ 潔英／士兵,你使用的潔英和士兵咒語費用減少{1}來使用。
Reins of the Vinesteed,藤駒韁繩,結界～ 靈氣,"生物結界
受此結界的生物得+2/+2。
當受此結界的生物置入墳墓場時，你可以將藤駒韁繩從墳墓場移回場上，並結附於與該生物具共通生物類別的生物上。"
Mind Spring,心靈甘泉,巫術,抽X張牌。
Final-Sting Faerie,終命仙靈,生物～ 仙靈／殺手,"飛行
當終命仙靈進場時，消滅目標在本回合受過傷害的生物。"
Rhys the Exiled,黜人黎茲,傳奇生物～ 妖精／戰士,"每當黜人黎茲攻擊時，你每操控一個妖精，便獲得1點生命。
{B}，犧牲一個妖精：重生黜人黎茲。"
Bitterblossom,苦澀花開,部族結界～ 仙靈,在你的維持開始時，你抽一張牌，並且將一個1/1黑色，具飛行異能的仙靈／浪客衍生物放置進場。
Feudkiller's Verdict,弒仇者的裁定,部族巫術～ 巨人,你獲得10點生命。 然後如果你的生命比某位對手多，則將一個5/5白色的巨人／戰士衍生物放置進場。
Brighthearth Banneret,明爐旗幟,生物～ 元素／戰士,"你使用的元素和戰士咒語費用減少{1}來使用。
補強1～{1}{R} #（{1}{R}，棄掉此牌：在目標生物上放置一個+1/+1指示物。）#"
Stonybrook Banneret,石溪旗幟,生物～ 人魚／魔法師,"海島行者
你使用的人魚和魔法師咒語費用減少{1}來使用。"
Waterspout Weavers,水龍捲織者,生物～ 人魚／魔法師,#血族#～在你的維持開始時，你可以檢視你的牌庫頂牌。 如果它與水龍捲織者有共通之生物類別，你可以展示該牌。 如果你如此作，則由你操控的每個生物獲得飛行異能直到回合結束。
Shinewend,明旅靈,生物～ 元素,"飛行
明旅靈進場時上面有一個+1/+1指示物。
{1}{W}，從明旅靈上移去一個+1/+1指示物：消滅目標結界。"
Knowledge Exploitation,開採知識,部族巫術～ 浪客,"伺機{3}{U} #（如果你於本回合中以浪客向玩家造成戰鬥傷害，你可以支付此牌的伺機費用來使用它。）#
從目標對手的牌庫中搜尋一張瞬間或巫術牌。 你可以使用該牌，且不需支付其魔法力費用。 然後該玩家將他的牌庫洗牌。"
Pulling Teeth,拔牙,巫術,與一位對手比點。 若你贏，則目標玩家棄兩張牌。 若否，則該玩家棄一張牌。 #（參與比點的玩家各展示其牌庫頂牌，然後將該牌置於牌庫頂部或底部。 所展示的牌之總魔法力費用比較高的玩家贏得比點。）#
Burrenton Shield-Bearers,布連屯執盾手,生物～ 潔英／士兵,每當布連屯執盾手攻擊時，目標生物得+0/+3直到回合結束。
Winnower Patrol,巡防排除者,生物～ 妖精／戰士,#血族#～在你的維持開始時，你可以檢視你的牌庫頂牌。 如果它與巡防排除者有共通之生物類別，你可以展示該牌。 若你如此作，則在巡防排除者上放置一個+1/+1指示物。
Wandering Graybeard,灰鬚漫遊客,生物～ 巨人／魔法師,#血族#～在你的維持開始時，你可以檢視你的牌庫頂牌。 如果它與灰鬚漫遊客有共通之生物類別，你可以展示該牌。 若你如此作，則你獲得4點生命。
Leaf-Crowned Elder,葉冠長老,生物～ 樹妖／祭師,#血族#～在你的維持開始時，你可以檢視你的牌庫頂牌。 如果它與葉冠長老有共通之生物類別，你可以展示該牌。 若你如此作，則你可以使用它且不需支付其魔法力費用。
Burrenton Bombardier,布連屯轟炸兵,生物～ 潔英／士兵,"飛行
補強2～{2}{W} #（{2}{W}，棄掉此牌：在目標生物上放置兩個+1/+1指示物。）#"
Merrow Witsniper,狙思美洛,生物～ 人魚／浪客,當狙思美洛進場時，目標玩家將其牌庫頂牌置入其墳墓場。
Stingmoggie,刺貓靈,生物～ 元素,"刺貓靈進場時上面有兩個+1/+1指示物。
{3}{R}，從刺貓靈上移去一個+1/+1指示物：消滅目標神器或地。"
Blightsoil Druid,瘠壤德魯伊,生物～ 妖精／德魯伊,{T}，支付1點生命：加{G}到你的魔法力池中。
Earthbrawn,大地膂力,瞬間,"目標生物得+3/+3直到回合結束。
補強1～{1}{G} #（{1}{G}，棄掉此牌：在目標生物上放置一個+1/+1指示物。）#"
Reveillark,醒靈雲雀,生物～ 元素,"飛行
當醒靈雲雀離場時，將至多兩張目標力量等於或小於2的生物牌從你的墳墓場移回場上。
呼魂{5}{W} #（你可以支付此咒語的呼魂費用來使用它。 若你如此作，它進場時便被犧牲。）#"
Prickly Boggart,帶刺波尬,生物～ 鬼怪／浪客,恐懼
Stream of Unconsciousness,潛意識流動,部族瞬間～ 魔法師,目標生物得-4/-0直到回合結束。 若你操控魔法師，則抽一張牌。
Mutavault,易形地窖,地,"{T}：加{1}到你的魔法力池中。
{1}：直到回合結束，易形地窖成為2/2生物並具有所有生物類別。 它仍然是地。"
Disperse,驅散,瞬間,將目標非地永久物移回其擁有者手上。
Wolf-Skull Shaman,狼顱祭師,生物～ 妖精／祭師,#血族#～在你的維持開始時，你可以檢視你的牌庫頂牌。 如果它與狼顱祭師有共通之生物類別，你可以展示該牌。 若你如此作，將一個2/2綠色狼衍生物放置進場。
Swell of Courage,壯大勇氣,瞬間,"由你操控的生物得+2/+2直到回合結束。
補強X～{X}{W}{W} #（{X}{W}{W}，棄掉此牌：在目標生物上放置X個+1/+1指示物。）#"
Warren Weirding,繁殖地奧秘,部族巫術～ 鬼怪,目標玩家犧牲一個生物。 如果以此法犧牲了鬼怪，則該玩家將兩個1/1黑色的鬼怪／浪客衍生物放置進場，且這些衍生物獲得敏捷異能直到回合結束。
Ink Dissolver,溶墨師,生物～ 人魚／魔法師,#血族#～在你的維持開始時，你可以檢視你的牌庫頂牌。 如果它與溶墨師有共通之生物類別，你可以展示該牌。 若你如此作，則每位對手各將其牌庫頂的三張牌置入其墳墓場。
Weight of Conscience,良知重荷,結界～ 靈氣,"生物結界
受此結界的生物不能攻擊。
橫置兩個由你操控且具共通之生物類別的未橫置生物：將受此結界的生物移出遊戲。"
Weed-Pruner Poplar,修草黑楊,生物～ 樹妖／殺手,在你的維持開始時，修草黑楊以外的目標生物得-1/-1直到回合結束。
Thieves' Fortune,盜賊好運,部族瞬間～ 浪客,"伺機{U} #（如果你於本回合中以浪客向玩家造成戰鬥傷害，你可以支付此牌的伺機費用來使用它。）#
檢視你牌庫頂的四張牌。 將其中一張置於你手上，其餘的牌則以任意順序置於你的牌庫底。"
Inspired Sprite,獲啟仙子,生物～ 仙靈／魔法師,"閃現
飛行
每當你使用魔法師咒語時，你可以重置獲啟仙子。
{T}：抽一張牌，然後棄一張牌。"
Dewdrop Spy,露珠探子,生物～ 仙靈／浪客,"閃現
飛行
當露珠探子進場時，檢視目標玩家的牌庫頂牌。"
Floodchaser,逐洪靈,生物～ 元素,"逐洪靈進場時上面有六個+1/+1指示物。
除非防禦玩家操控海島，否則逐洪靈不能攻擊。
{U}，從逐洪靈上移去一個+1/+1指示物：目標地成為海島直到回合結束。"
Revive the Fallen,復生逝者,巫術,將目標生物牌從墳墓場移回其擁有者手上。 與一位對手比點。 若你贏，則將復生逝者移回其擁有者手上。 #（參與比點的玩家各展示其牌庫頂牌，然後將該牌置於牌庫頂部或底部。 所展示的牌之總魔法力費用比較高的玩家贏得比點。）#
Shard Volley,碎片射擊,瞬間,"犧牲一個地，以作為使用碎片射擊的額外費用。
碎片射擊對目標生物或玩家造成3點傷害。"
Daily Regimen,日常養生,結界～ 靈氣,"生物結界
{1}{W}：在受此結界的生物上放置一個+1/+1指示物。"
Noggin Whack,砸腦袋,部族巫術～ 浪客,"伺機{1}{B} #（如果你於本回合中以浪客向玩家造成戰鬥傷害，你可以支付此牌的伺機費用來使用它。）#
目標玩家從其手上展示三張牌。 你從中選擇兩張。 該玩家棄掉這些牌。"
Squeaking Pie Grubfellows,吱吱集挖蟲人,生物～ 鬼怪／祭師,#血族#～在你的維持開始時，你可以檢視你的牌庫頂牌。 如果它與吱吱集挖蟲人有共通之生物類別，你可以展示該牌。 如果你如此作，則每位對手各棄一張牌。
Kithkin Zephyrnaut,風飄潔英,生物～ 潔英／士兵,#血族#～在你的維持開始時，你可以檢視你的牌庫頂牌。 如果它與風飄潔英有共通之生物類別，你可以展示該牌。 如果你如此作，則風飄潔英得+2/+2且獲得飛行與警戒異能直到回合結束。
Grimoire Thief,秘錄竊賊,生物～ 人魚／浪客,"每當秘錄竊賊橫置時，將目標對手牌庫頂的三張牌以牌面朝下的方式移出遊戲。
你可以檢視以秘錄竊賊移出遊戲之牌。
{U}，犧牲秘錄竊賊：將所有以秘錄竊賊移出遊戲的牌翻回正面，然後反擊所有與這些牌其一同名的咒語。"
Sage of Fables,寓言智者,生物～ 人魚／魔法師,"由你操控的其他魔法師生物進場時上面額外有一個+1/+1指示物。
{2}，從由你操控的一個生物上移去一個+1/+1指示物：抽一張牌。"
Recross the Paths,重渡路途,巫術,從你牌庫頂開始展示牌，直到你展示出一張地牌為止。將該牌放置進場，其餘的則以任意順序置於你的牌庫底。 與一位對手比點。 若你贏，則將重渡路途移回其擁有者手上。 #（參與比點的玩家各展示其牌庫頂牌，然後將該牌置於牌庫頂部或底部。 所展示的牌之總魔法力費用比較高的玩家贏得比點。）#
Mudbutton Clanger,泥鈕衝鋒兵,生物～ 鬼怪／戰士,#血族#～在你的維持開始時，你可以檢視你的牌庫頂牌。 如果它與泥鈕衝鋒兵有共通之生物類別，你可以展示該牌。 如果你如此作，則泥鈕衝鋒兵得+1/+1直到回合結束。
Cenn's Tactician,仕紳策士,生物～ 潔英／士兵,"{W}，{T}：在目標士兵生物上放置一個+1/+1指示物。
每個由你操控、且上面有+1/+1指示物的生物可以額外多阻擋一個生物。"
Spitebellows,怨吼靈,生物～ 元素,"當怨吼靈離場時，它對目標生物造成6點傷害。
呼魂{1}{R}{R} #（你可以支付此咒語的呼魂費用來使用它。 若你如此作，它進場時便被犧牲。）#"
Lightning Crafter,閃電藝師,生物～ 鬼怪／祭師,"奪冠鬼怪或祭師 #（當它進場時，除非你將另一個由你操控的鬼怪或祭師移出遊戲，否則犧牲之。 當它離場時，將該牌移回場上。）#
{T}：閃電藝師對目標生物或玩家造成3點傷害。"
Morsel Theft,偷嘗佳餚,部族巫術～ 浪客,"伺機{1}{B} #（如果你於本回合中以浪客向玩家造成戰鬥傷害，你可以支付此牌的伺機費用來使用它。）#
目標玩家失去3點生命且你獲得3點生命。 如果曾支付偷嘗佳餚的伺機費用，則抽一張牌。"
Thornbite Staff,棘刺法杖,部族神器 祭師／武具,"佩帶此武具的生物具有「{2}，{T}：此生物對目標生物或玩家造成1點傷害」以及「每當一個生物從場上置入墳墓場時，重置此生物。」
每當一個祭師生物進場時，你可以將棘刺法杖裝備於其上。
佩帶{4}"
Stinkdrinker Bandit,臭飲土匪,生物～ 鬼怪／浪客,"伺機{1}{B} #（如果你於本回合中以鬼怪或浪客向玩家造成戰鬥傷害，你可以支付此牌的伺機費用來使用它。）#
每當由你操控的一個浪客攻擊且未受阻擋時，它得+2/+1直到回合結束。"
Fertilid,沃壤靈,生物～ 元素,"沃壤靈進場時上面有兩個+1/+1指示物。
{1}{G}，從沃壤靈上移去一個+1/+1指示物：目標玩家從其牌庫中搜尋一張基本地牌，並將它橫置進場。 然後該玩家將他的牌庫洗牌。"
Nevermaker,返虛靈,生物～ 元素,"飛行
當返虛靈離場時，將目標非地永久物置於其擁有者的牌庫頂。
呼魂{3}{U} #（你可以支付此咒語的呼魂費用來使用它。 若你如此作，它進場時便被犧牲。）#"
Unstoppable Ash,百勝梣木,生物～ 樹妖／戰士,"踐踏
奪冠樹妖或戰士 #（當它進場時，除非你將另一個由你操控的樹妖或戰士移出遊戲，否則犧牲之。 當它離場時，將該牌移回場上。）#
每當一個由你操控的生物被阻擋時，它得+0/+5直到回合結束。"
Idyllic Tutor,田園導師,巫術,從你的牌庫中搜尋一張結界牌，展示該牌，並將它置於你手上。 然後將你的牌庫洗牌。
Festercreep,腐行靈,生物～ 元素,"腐行靈進場時上面有一個+1/+1指示物。
{1}{B}，從腐行靈上移去一個+1/+1指示物：所有其他生物得-1/-1直到回合結束。"
Hunting Triad,狩獵三人組,部族巫術～ 妖精,"將三個1/1綠色的妖精／戰士衍生物放置進場。
補強3～{3}{G} #（{3}{G}，棄掉此牌：在目標生物上放置三個+1/+1指示物。）#"
Indomitable Ancients,大無畏先人,生物～ 樹妖／戰士,
Everbark Shaman,復青祭師,生物～ 樹妖／祭師,{T}，將一張樹妖牌從你的墳墓場移出遊戲：從你的牌庫中搜尋兩張樹林牌，並將它們橫置進場。 然後將你的牌庫洗牌。
Boldwyr Intimidator,波維爾凶漢,生物～ 巨人／戰士,"懦夫不能阻擋戰士。
{R}：目標生物成為懦夫直到回合結束。
{2}{R}：目標生物成為戰士直到回合結束。"
Kinsbaile Borderguard,英莊園邊界守衛,生物～ 潔英／士兵,你每操控一個其他的潔英，英莊園邊界守衛進場時上面便有一個+1/+1指示物。 當英莊園邊界守衛從場上置入墳墓場時，其上每有一個指示物，便將一個1/1白色的潔英／士兵衍生物放置進場。
Countryside Crusher,鄉間破壞人,生物～ 巨人／戰士,"在你的維持開始時，展示你的牌庫頂牌。 若該牌是地牌，則將它置入你的墳墓場並重複此流程。
每當一張地牌從任何區域置入你的墳墓場時，在鄉間破壞人上放置一個+1/+1指示物。"
Sage's Dousing,智者降火,部族瞬間～ 魔法師,除非目標咒語的操控者支付{3}，否則反擊該咒語。 若你操控魔法師，則抽一張牌。
Orchard Warden,果園護持師,生物～ 樹妖／祭師,每當另一個樹妖生物在你的操控下進場時，你可以獲得等同於該生物防禦力的生命。
Ambassador Oak,橡樹大使,生物～ 樹妖／戰士,當橡樹大使進場時，將一個1/1綠色的妖精／戰士衍生物放置進場。
Nightshade Schemers,夜影陰謀師,生物～ 仙靈／魔法師,"飛行
#血族#～在你的維持開始時，你可以檢視你的牌庫頂牌。 如果它與夜影陰謀師有共通之生物類別，你可以展示該牌。 如果你如此作，則每位對手各失去2點生命。"
Elvish Warrior,妖精勇士,生物～ 妖精／戰士,
Pyroclast Consul,烈火領事,生物～ 元素／祭師,#血族#～在你的維持開始時，你可以檢視你的牌庫頂牌。 如果它與烈火領事有共通之生物類別，你可以展示該牌。 若你如此作，則烈火領事對每個生物各造成2點傷害。
Weirding Shaman,奧祕祭師,生物～ 鬼怪／祭師,{3}{B}，犧牲一個鬼怪：將兩個1/1黑色的鬼怪／浪客衍生物放置進場。
Veteran's Armaments,老兵戰具,部族神器 士兵／武具,"佩帶此武具的生物具有「每當此生物攻擊或阻擋時，每有一個進行攻擊的生物，它便得+1/+1直到回合結束。」
每當一個士兵生物進場時，你可以將老兵戰具裝備於其上。
佩帶{2}"
Oona's Blackguard,歐娜的黑衛士,生物～ 仙靈／浪客,"飛行
由你操控的其他浪客生物進場時上面額外有一個+1/+1指示物。
每當由你操控、且上面有+1/+1指示物的生物對玩家造成戰鬥傷害時，該玩家棄一張牌。"
Seething Pathblazer,熱血焰徑人,生物～ 元素／戰士,犧牲一個元素：熱血焰徑人得+2/+0且獲得先攻異能直到回合結束。
Borderland Behemoth,邊境貝西摩斯,生物～ 巨人／戰士,"踐踏
你每操控另一個巨人，邊境貝西摩斯便得+4/+4。"
Rage Forger,煉怒師,生物～ 元素／祭師,"當煉怒師進場時，在由你操控的其他祭師生物上放置一個+1/+1指示物。
每當由你操控、且上面有+1/+1指示物的生物攻擊時，你可以讓該生物對目標玩家造成1點傷害。"
Latchkey Faerie,飛鑰仙靈,生物～ 仙靈／浪客,"飛行
伺機{2}{U} #（如果你於本回合中以仙靈或浪客向玩家造成戰鬥傷害，你可以支付此牌的伺機費用來使用它。）#
當飛鑰仙靈進場時，若曾支付其伺機費用，則抽一張牌。"
Stenchskipper,臭蹦靈,生物～ 元素,"飛行
在回合結束時，若你並未操控鬼怪，則犧牲臭蹦靈。"
Distant Melody,遙遠旋律,巫術,選擇一種生物類別。 你每操控一個該類別的永久物，便抽一張牌。
Earwig Squad,偷聽小隊,生物～ 鬼怪／浪客,"伺機{2}{B} #（如果你於本回合中以鬼怪或浪客向玩家造成戰鬥傷害，你可以支付此牌的伺機費用來使用它。） #
當偷聽小隊進場時，若曾支付其伺機費用，則從目標對手的牌庫中搜尋三張牌，並將它們移出遊戲。 然後該玩家將他的牌庫洗牌。"
Boldwyr Heavyweights,波維爾壯漢,生物～ 巨人／戰士,"踐踏
當波維爾壯漢進場時，每位對手可以從其牌庫中搜尋一張生物牌，並將其放置進場。 然後每位以此法搜尋牌庫的玩家將其牌庫洗牌。"
Graceful Reprieve,優雅免難,瞬間,當目標生物於本回合置入任一墳墓場時，將該牌在其擁有者的操控下移回場上。
Bramblewood Paragon,竹林美範,生物～ 妖精／戰士,"由你操控的其他戰士生物進場時上面額外有一個+1/+1指示物。
每個由你操控、且上面有+1/+1指示物的生物都具有踐踏異能。"
Luminescent Rain,輝光暴雨,瞬間,選擇一種生物類別。 你每操控一個該類別的永久物，便獲得2點生命。
Coordinated Barrage,協力齊擊,瞬間,選擇一種生物類別。 協力齊擊對目標進行攻擊或阻擋的生物造成傷害，其數量等同於由你操控的該類別永久物之數量。
Vengeful Firebrand,復仇挑動者,生物～ 元素／戰士,"只要你的墳墓場有戰士牌，復仇挑動者便具有敏捷異能。
{R}：復仇挑動者得+1/+0直到回合結束。"
Sunflare Shaman,日焰祭師,生物～ 元素／祭師,{1}{R}，{T}：日焰祭師對目標生物或玩家造成X點傷害，並且對本身造成X點傷害，X為你墳墓場中元素牌的數量。
Roar of the Crowd,群眾之吼,巫術,選擇一種生物類別。 群眾之吼對目標生物或玩家造成傷害，其數量等同於由你操控的該類別永久物之數量。
Greatbow Doyen,巨弓首席,生物～ 妖精／弓箭手,"由你操控的其他弓箭手生物得+1/+1。
每當由你操控的一個弓箭手對生物造成傷害時，該弓箭手對該生物的操控者造成等量的傷害。"
Pack's Disdain,遭群鄙視,瞬間,選擇一種生物類別。 你每操控一個該類別的永久物，目標生物便得-1/-1直到回合結束。
Stonybrook Schoolmaster,石溪魚群長,生物～ 人魚／魔法師,每當石溪魚群長被橫置時，你可以將一個1/1藍色的人魚／魔法師衍生物放置進場。
Declaration of Naught,無用宣言,結界,"於無用宣言進場時，說出一個牌名。
{U}：反擊目標該名稱的咒語。"
Scarblade Elite,菁英劃疤客,生物～ 妖精／殺手,{T}，將一張殺手牌從你的墳墓場移出遊戲：消滅目標生物。
Kinsbaile Cavalier,英莊園騎兵,生物～ 潔英／騎士,由你操控的騎士生物具有連擊異能。
Auntie's Snitch,大嬸眼線,生物～ 鬼怪／浪客,"大嬸眼線不能進行阻擋。
伺機{1}{B} #（如果你於本回合中以鬼怪或浪客向玩家造成戰鬥傷害，你可以支付此牌的伺機費用來使用它。）#
每當由你操控的一個鬼怪或浪客對玩家造成戰鬥傷害時，若大嬸眼線在你的墳墓場，則你可以將大嬸眼線移回你手上。"
Chameleon Colossus,善變巨像,生物～ 變形獸,"化形 #（此牌隨時都是所有生物類別。）#
反黑保護
{2}{G}{G}：善變巨像得+X/+X直到回合結束，X為其力量。"
Battletide Alchemist,戰局鍊金術士,生物～ 潔英／僧侶,若某來源將對任一玩家造成傷害，則你可以防止其中的X點傷害，X為由你操控的僧侶數量。
Taurean Mauler,牛身虐殺獸,生物～ 變形獸,"化形 #（此牌隨時都是所有生物類別。）#
每當一位對手使用咒語時，你可以在牛身虐殺獸上放置一個+1/+1指示物。"
Gilt-Leaf Archdruid,金葉高位德魯伊,生物～ 妖精／德魯伊,"每當你使用德魯伊咒語時，你可以抽一張牌。
橫置七個由你操控且未橫置的德魯伊：獲得由目標玩家操控之所有地的操控權。"
Ancient Amphitheater,遠古階梯劇場,地,"於遠古階梯劇場進場時，你可以展示你手上一張巨人牌。 若你未如此作，則遠古階梯劇場須橫置進場。
{T}：加{R}或{W}到你的魔法力池中。"
Gilt-Leaf Palace,金葉宮殿,地,"於金葉宮殿進場時，你可以展示你手上一張妖精牌。 若你未如此作，則金葉宮殿須橫置進場。
{T}：加{B}或{G}到你的魔法力池中。"
Wanderwine Hub,漫釀中繼站,地,"於漫釀中繼站進場時，你可以從你手上展示一張人魚牌。 若你未如此作，則漫釀中繼站須橫置進場。
{T}：加{W}或{U}到你的魔法力池中。"
Auntie's Hovel,大嬸小屋,地,"於大嬸小屋進場時，你可以展示你手上一張鬼怪牌。 若你未如此作，則大嬸小屋須橫置進場。
{T}：加{B}或{R}到你的魔法力池中。"
Secluded Glen,隱僻幽谷,地,"於隱僻幽谷進場時，你可以從你手上展示一張仙靈牌。 若你未如此作，則隱僻幽谷須橫置進場。
{T}：加{U}或{B}到你的魔法力池中。"
Rustic Clachan,銹色小村,地,"於銹色小村進場時，你可以從你手上展示一張潔英牌。 若你未如此作，則銹色小村須橫置進場。
{T}：加{W}到你的魔法力池中。
補強1～{1}{W} #（{1}{W}，棄掉此牌：在目標生物上放置一個+1/+1指示物。）#"
Lys Alana Bowmaster,黎撒拉那弓隊長,生物～ 妖精／弓箭手,"延勢 #（它能阻擋具飛行異能的生物。）#
每當你使用妖精咒語時，你可以讓黎撒拉那弓隊長對目標具飛行異能的生物造成2點傷害。"
Order of the Golden Cricket,金蟋蟀騎士團,生物～ 潔英／騎士,每當金蟋蟀騎士團攻擊時，你可以支付{W}。 若你如此作，則它獲得飛行異能直到回合結束。
Primal Beyond,原初遠境,地,"於原初遠境進場時，你可以展示你手上一張元素牌。 若你未如此作，則原初遠境須橫置進場。
{T}：加{1}到你的魔法力池中。
{T}：加一點任意顏色的魔法力到你的魔法力池中。 此魔法力只能用來支付元素咒語或元素之起動式異能的費用。"
Murmuring Bosk,細語樹叢,地～ 樹林,"#（{T}：加{G}到你的魔法力池中。）#
於細語樹叢進場時，你可以從你手上展示一張樹妖牌。 若你未如此作，則細語樹叢須橫置進場。
{T}：加{W}或{B}到你的魔法力池中。 細語樹叢對你造成1點傷害。"
Deglamer,消幻法,瞬間,選擇目標神器或結界。 其擁有者將它洗入其牌庫。
Reach of Branches,拓展林地,部族瞬間～ 樹妖,"將一個2/5綠色的樹妖／祭師衍生物放置進場。
每當一個樹林在你的操控下進場時，你可以將拓展林地從你墳墓場移回你手上。"
Diviner's Wand,先知魔杖,部族神器 魔法師／武具,"佩帶此武具的生物具有「每當你抽一張牌時，受此結界的生物得+1/+1且獲得飛行異能直到回合結束」以及「{4}：抽一張牌。」
每當一個魔法師生物進場時，你可以將先知魔杖裝備於其上。
佩帶{3}"
Obsidian Battle-Axe,黑曜戰斧,部族神器 戰士／武具,"佩帶此武具的生物得+2/+1且具有敏捷異能。
每當一個戰士生物進場時，你可以將黑曜戰斧裝備於其上。
佩帶{3}"
Stomping Slabs,晃動岩板,巫術,展示你牌庫頂的七張牌，然後將這些牌以任意順序置於你牌庫底。 如果以此法展示出一張名稱為晃動岩板的牌，則晃動岩板對目標生物或玩家造成7點傷害。
Mind Shatter,粉碎心靈,巫術,目標玩家隨機棄X張牌。
Cream of the Crop,最頂尖,結界,每當一個生物在你的操控下進場時，你可以檢視你牌庫頂的X張牌，X為該生物的力量。 如果你如此作，則將其中一張牌置於你牌庫頂，其餘的則以任意順序置於你的牌庫底。
Fencer Clique,劍擊聚群,生物～ 仙靈／士兵,"飛行
{U}：將劍擊聚群置於其擁有者的牌庫頂。"
Violet Pall,紫羅蘭罩幕,部族瞬間～ 仙靈,消滅目標非黑色的生物。 將一個1/1黑色，具有飛行異能的仙靈／浪客衍生物放置進場。
Slithermuse,蛇身思靈,生物～ 元素,"當蛇身思靈離場時，選擇一位對手。 若該玩家的手牌數量比你多，則抽等同於該差距數量的牌。
呼魂{3}{U} #（你可以支付此咒語的呼魂費用來使用它。 若你如此作，它進場時便被犧牲。）#"
Forfend,保衛,瞬間,防止本回合中將對生物造成的所有傷害。
Meadowboon,牧地恩,生物～ 元素,"當牧地恩離場時，在每個由目標玩家操控的生物上放置一個+1/+1指示物。
呼魂{3}{W} #（你可以支付此咒語的呼魂費用來使用它。 若你如此作，它進場時便被犧牲。）#"
Shared Animosity,同仇敵愾,結界,每當由你操控的一個生物攻擊時，場上每有一個與它具共通之生物類別的其他攻擊生物，它便得+1/+0直到回合結束。
Ajani Goldmane,金鬃阿耶尼,旅法師～ 阿耶尼,"+1: 你獲得2點生命。
-1: 在每個由你操控的生物上放置一個+1/+1指示物。 這些生物獲得警戒異能直到回合結束。
-6: 將一個白色，具有「此生物的力量和防禦力各等同於你的總生命」的聖者衍生物放置進場。"
Jace Beleren,傑斯貝連,旅法師～ 傑斯,"+2: 每位玩家各抽一張牌。
-1: 目標玩家抽一張牌。
-10: 目標玩家將其牌庫頂的二十張牌置入其墳墓場。"
Liliana Vess,莉蓮娜維斯,旅法師～ 莉蓮娜,"+1: 目標玩家棄一張牌。
-2: 從你的牌庫中搜尋一張牌，然後將你的牌庫洗牌，並將該牌置於其上。
-8: 將所有墳墓場中的所有生物牌在你的操控下放置進場。"
Chandra Nalaar,茜卓納拉,旅法師～ 茜卓,"+1: 茜卓納拉對目標玩家造成1點傷害。
-X: 茜卓納拉對目標生物造成X點傷害。
-8: 茜卓納拉對目標玩家與該玩家所操控的每個生物各造成10點傷害。"
Garruk Wildspeaker,召獸使賈路,旅法師～ 賈路,"+1: 重置兩個目標地。
-1: 將一個3/3綠色野獸衍生物放置進場。
-4: 由你操控的生物得+3/+3並獲得踐踏異能直到回合結束。"
Thought Courier,心念訊使,生物～ 人類／魔法師,{T}：抽一張牌，然後棄一張牌。
Bog Imp,腐沼小惡魔,生物～ 小惡魔,飛行（只有具飛行異能的生物才能阻擋它。）
Chastise,懲戒,瞬間,消滅目標進行攻擊的生物。 你獲得等同於其力量的生命。
Dark Banishing,闇境放逐,瞬間,《羅蜜歐與茱麗葉》 消滅目標非黑色的生物。它不能重生。
Eager Cadet,熱切的軍校生,生物～ 人類／士兵,
Giant Cockroach,巨型蟑螂,生物～ 昆蟲,
Giant Octopus,巨章魚,生物～ 章魚,
Glory Seeker,榮耀追求者,生物～ 人類／士兵,
Norwood Ranger,諾梧林護林兵,生物～ 妖精／斥候,
Ogre Taskmaster,食人魔工頭,生物～ 食人魔,食人魔工頭不能進行阻擋。
Sacred Nectar,聖潔瓊漿,巫術,你獲得4點生命。
Stone Rain,石雨,巫術,消滅目標地。
Storm Crow,暴風烏鴉,生物～ 鳥,飛行（只有具飛行異能的生物才能阻擋它。）
Trained Armodon,馴使的盾皮象,生物～ 象,
Vengeance,復仇,巫術,消滅目標已橫置的生物。
Volcanic Hammer,火山錘,巫術,火山錘對目標生物或玩家造成3點傷害。
Wind Drake,風龍獸,生物～ 龍獸,飛行（只有具飛行異能的生物才能阻擋它。）
Goblin Brigand,鬼怪強盜,生物～ 鬼怪／戰士,鬼怪強盜每回合若能攻擊，則必須攻擊。
Leonin Skyhunter,獅族空獵者,生物～ 貓／騎士,飛行（只有具飛行異能的生物才能阻擋它。）
Levitation,飄浮,結界,由你操控的生物具有飛行異能。 （只有具飛行異能的生物才能阻擋它們。）
Acidic Slime,酸液黏菌,生物～ 流漿,"死觸 （它對生物造成的任何數量傷害都足以消滅後者。）
當酸液黏菌進戰場時，消滅目標神器，結界，或地。"
Act of Treason,叛行,巫術,獲得目標生物的操控權直到回合結束。 重置該生物。 它獲得敏捷異能直到回合結束。 （它此回合便能攻擊與{T}。）
AEther Adept,乙太專家,生物～ 人類／魔法師,當乙太專家進戰場時，將目標生物移回其擁有者手上。
Air Servant,大氣僕役,生物～ 元素,"飛行
{2}{U}：橫置目標具飛行異能的生物。"
Ajani Goldmane,金鬃阿耶尼,鵬洛客～ 阿耶尼,"+1：你獲得2點生命。
-1：在每個由你操控的生物上放置一個+1/+1指示物。 這些生物獲得警戒異能直到回合結束。
-6：將一個白色的聖者衍生物放進戰場。 它具有「此生物的力量和防禦力各等同於你的總生命。」"
Ajani's Mantra,阿耶尼的祈禱文,結界,在你的維持開始時，你可以獲得1點生命。
Ajani's Pridemate,阿耶尼的群伴,生物～ 貓／士兵,每當你獲得生命時，你可以在阿耶尼的群伴上放置一個+1/+1指示物。 （舉例來說，如果某效應讓你獲得3點生命，你可以在此生物上放置一個+1/+1指示物。）
Alluring Siren,誘人塞連,生物～ 塞連,{T}：目標由對手操控的生物本回合若能攻擊你，則必須攻擊。
Ancient Hellkite,遠古殘虐者,生物～ 龍,"飛行
{R}：遠古殘虐者對目標由防禦玩家操控的生物造成1點傷害。 只能於遠古殘虐者進行攻擊時起動此異能。"
Angelic Arbiter,仲裁天使,生物～ 天使,"飛行
本回合施放過咒語的對手均不能以生物攻擊。
本回合以任一生物攻擊過的對手均不能施放咒語。"
Angel's Feather,天使翎羽,神器,每當玩家施放任何白色咒語時，你可以獲得1點生命。
Arc Runner,奔騰電弧靈,生物～ 元素／牛,"敏捷 （此生物受你操控時便能攻擊與{T}。）
在結束步驟開始時，犧牲奔騰電弧靈。"
Armored Ascension,武裝飛騰,結界～ 靈氣,"結附於生物
你每操控一個平原，所結附的生物便得+1/+1且具有飛行異能。"
Armored Cancrix,裝甲蟹獸,生物～ 蟹,
Assassinate,行刺,巫術,消滅目標已橫置的生物。
Assault Griffin,突襲獅鷲,生物～ 獅鷲,飛行
Augury Owl,卜算貓頭鷹,生物～ 鳥,"飛行
當卜算貓頭鷹進戰場時，占卜3。 （占卜3的流程是檢視你牌庫頂的三張牌，然後將其中任意數量的牌以任意順序置於你牌庫底，其餘則以任意順序置於你牌庫頂。）"
Autumn's Veil,秋色簾幕,瞬間,由你操控的咒語本回合不能被藍色或黑色的咒語反擊，且由你操控的生物本回合不能成為藍色或黑色的咒語之目標。
Awakener Druid,醒眠德魯伊,生物～ 人類／德魯伊,當醒眠德魯伊進戰場時，只要醒眠德魯伊仍在戰場，目標樹林便成為4/5綠色的樹妖生物。 它仍然是地。
Azure Drake,碧藍龍獸,生物～ 龍獸,飛行
Back to Nature,歸返自然,瞬間,消滅所有結界。
Baneslayer Angel,破邪天使,生物～ 天使,飛行，先攻，繫命，反惡魔保護，反龍保護
Barony Vampire,莊園吸血鬼,生物～ 吸血鬼,
Berserkers of Blood Ridge,血山脊狂戰士,生物～ 人類／狂戰士,血山脊狂戰士每回合若能攻擊，則必須攻擊。
Birds of Paradise,天堂鳥,生物～ 鳥,"飛行
{T}：加一點任意顏色的魔法力到你的魔法力池中。"
Black Knight,黑騎士,生物～ 人類／騎士,"先攻 （此生物會比不具先攻異能的生物提前造成戰鬥傷害。）
反白保護 （此生物不能被白色的東西所阻擋，指定為目標，造成傷害，或是被結附。）"
Blinding Mage,眩目法師,生物～ 人類／魔法師,{W}，{T}：橫置目標生物。
Blood Tithe,鮮血什一稅,巫術,每位對手各失去3點生命。 你獲得若干生命，其數量等同於玩家以此法失去的生命總和。
Bloodcrazed Goblin,血狂鬼怪,生物～ 鬼怪／狂戰士,除非任一對手本回合已受到傷害，否則血狂鬼怪不能攻擊。
Bloodthrone Vampire,血座吸血鬼,生物～ 吸血鬼,犧牲一個生物：血座吸血鬼得+2/+2直到回合結束。
Bog Raiders,腐沼突擊隊,生物～ 殭屍,沼澤行者 （只要防禦玩家操控沼澤，此生物便不能被阻擋。）
Brindle Boar,斑野豬,生物～ 野豬,犧牲斑野豬：你獲得4點生命。
Brittle Effigy,易碎肖像,神器,{4}，{T}，放逐易碎肖像：放逐目標生物。
Call to Mind,回憶升起,巫術,將目標瞬間或巫術牌從你的墳墓場移回你手上。
Cancel,取消,瞬間,反擊目標咒語。
Canyon Minotaur,峽谷牛頭怪,生物～ 牛頭怪／戰士,
Captivating Vampire,蠱惑吸血鬼,生物～ 吸血鬼,"由你操控的其他吸血鬼生物得+1/+1。
橫置五個由你操控、且未橫置的吸血鬼：獲得目標生物的操控權。 它額外具有吸血鬼此類別。"
Celestial Purge,天界滌淨,瞬間,放逐目標黑色或紅色永久物。
Chandra Nalaar,茜卓納拉,鵬洛客～ 茜卓,"+1：茜卓納拉對目標玩家造成1點傷害。
-X：茜卓納拉對目標生物造成X點傷害。
-8：茜卓納拉對目標玩家與該玩家所操控的每個生物各造成10點傷害。"
Chandra's Outrage,茜卓的暴怒,瞬間,茜卓的暴怒對目標生物造成4點傷害，且對該生物的操控者造成2點傷害。
Chandra's Spitfire,茜卓的噴火靈,生物～ 元素,"飛行
每當一位對手受到非戰鬥傷害時，茜卓的噴火靈得+3/+0直到回合結束。"
Child of Night,暗夜之子,生物～ 吸血鬼,繫命 （此生物所造成的傷害會讓你獲得等量的生命。）
Clone,仿生妖,生物～ 變形獸,你可以使仿生妖當成戰場上任一生物的複製品來進入戰場。
Cloud Crusader,雲際十字軍,生物～ 人類／騎士,"飛行
先攻 （此生物會比不具先攻異能的生物提前造成戰鬥傷害。）"
Cloud Elemental,雲元素,生物～ 元素,"飛行
雲元素只能阻擋具飛行異能的生物。"
Combust,燒燃,瞬間,"燒燃不能被咒語或異能反擊。
燒燃對由目標白色或藍色生物造成5點傷害。 此傷害不能被防止。"
Condemn,判罪,瞬間,將目標進行攻擊的生物置於其擁有者的牌庫底。 其操控者獲得等同於其防禦力的生命。
Conundrum Sphinx,謎題史芬斯,生物～ 史芬斯,"飛行
每當謎題史芬斯攻擊時，每位玩家各說出一個牌名。然後每位玩家各展示其牌庫頂牌。 如果玩家展示出的是自己所說牌名的牌，則該玩家將它置入其手牌。 如果不是，則該玩家將它置於其牌庫底。"
Corrupt,腐化,巫術,腐化對目標生物或玩家造成傷害，其數量等同於由你操控的沼澤數量。 你獲得等同於以此法所造成的傷害之生命。
Crystal Ball,水晶球,神器,{1}，{T}：占卜2。 （占卜2的流程是檢視你牌庫頂的兩張牌，然後將其中任意數量的牌以任意順序置於你牌庫底，其餘則以任意順序置於你牌庫頂。）
Cudgel Troll,棍棒巨魔,生物～ 巨魔,{G}：重生棍棒巨魔。 （如果此生物下一次於本回合中將被消滅，則它不會被消滅， 而是改為將它橫置，移除受過的所有傷害，並將它移出戰鬥。）
Cultivate,栽培,巫術,從你的牌庫中搜尋至多兩張基本地牌，展示這些牌，然後將一張橫置進戰場，另一張則置於你手上。 然後將你的牌庫洗牌。
Cyclops Gladiator,獨眼巨人角鬥士,生物～ 獨眼巨人／戰士,每當獨眼巨人角鬥士攻擊時，你可以讓它對目標由防禦玩家操控的生物造成傷害，其數量等同於前者的力量。 若你如此作，則該生物對獨眼巨人角鬥士造成傷害，其數量等同於該生物的力量。
Dark Tutelage,黑暗教導,結界,在你的維持開始時，展示你的牌庫頂牌，並將該牌置於你手上。 你失去與該牌之總魔法力費用等量的生命。
Day of Judgment,審判末日,巫術,消滅所有生物。
Deathmark,死印,巫術,消滅目標綠色或白色生物。
Demolish,毀壞,巫術,消滅目標神器或地。
Demon of Death's Gate,死門惡魔,生物～ 惡魔,"你可以支付6點生命並犧牲三個黑色生物，而不支付死門惡魔的魔法力費用。
飛行，踐踏"
Demon's Horn,惡魔犄角,神器,每當玩家施放任何黑色咒語時，你可以獲得1點生命。
Destructive Force,毀滅性力量,巫術,每位玩家各犧牲五個地。 毀滅性力量對每個生物各造成5點傷害。
Diabolic Tutor,惡魔導師,巫術,從你的牌庫中搜尋一張牌並置於你手上。 然後將你的牌庫洗牌。
Diminish,縮小,瞬間,目標生物成為1/1直到回合結束。
Disentomb,擾墳,巫術,將目標生物牌從你的墳墓場移回你手上。
Doom Blade,送終刀鋒,瞬間,消滅目標非黑色的生物。
Dragon's Claw,巨龍鈎爪,神器,每當玩家施放任何紅色咒語時，你可以獲得1點生命。
Dragonskull Summit,龍顱山峰,地,"除非你操控沼澤或山脈，否則龍顱山峰須橫置進戰場。
{T}：加{B}或{R}到你的魔法力池中。"
Drowned Catacomb,水沒墓穴,地,"除非你操控海島或沼澤，否則水沒墓穴須橫置進戰場。
{T}：加{U}或{B}到你的魔法力池中。"
Dryad's Favor,樹靈的恩惠,結界～ 靈氣,"結附於生物
所結附的生物具有樹林行者異能。 （只要防禦玩家操控樹林，它便不能被阻擋。）"
Duress,逼從,巫術,目標對手展示其手牌。 你選擇其中一張非生物且非地的牌。 該玩家棄掉該牌。
Duskdale Wurm,暮谷亞龍,生物～ 亞龍,踐踏 （如果此生物將分配的傷害足以消滅所有阻擋它的生物，你可以將它所剩餘數量的傷害分配給防禦玩家或鵬洛客。）
Earth Servant,大地僕役,生物～ 元素,你每操控一個山脈，大地僕役便得+0/+1。
Elite Vanguard,菁英先鋒,生物～ 人類／士兵,
Elixir of Immortality,永生瓊漿,神器,{2}，{T}：你獲得5點生命。 將永生瓊漿與你的墳墓場洗入你的牌庫。
Elvish Archdruid,妖精高位德魯伊,生物～ 妖精／德魯伊,"由你操控的其他妖精生物得+1/+1。
{T}：你每操控一個妖精，便加{G}到你的魔法力池中。"
Ember Hauler,燼火搬運工,生物～ 鬼怪,{1}，犧牲燼火搬運工：燼火搬運工對目標生物或玩家造成2點傷害。
Excommunicate,逐出教會,巫術,將目標生物置於其擁有者的牌庫頂。
Fauna Shaman,動物群祭師,生物～ 妖精／祭師,{G}，{T}，棄一張生物牌：從你的牌庫中搜尋一張生物牌，展示該牌，並將它置入你手上。 然後將你的牌庫洗牌。
Fiery Hellhound,火熱地獄犬,生物～ 元素／獵犬,{R}：火熱地獄犬得+1/+0直到回合結束。
Fire Servant,火僕役,生物～ 元素,如果由你操控的紅色瞬間或巫術咒語將造成傷害，則它改為造成兩倍的傷害。
Fireball,火球,巫術,"火球對任意數量的目標生物和／或玩家造成傷害，其數值為「將X平均分配給所有目標，小數點後捨去」。
火球在第一個目標之外每有一個目標，便增加{1}來施放。"
Flashfreeze,快速凍結,瞬間,反擊目標紅色或綠色咒語。
Fling,投擲,瞬間,"犧牲一個生物，以作為施放投擲的額外費用。
投擲對目標生物或玩家造成傷害，其數量等同於所犧牲生物的力量。"
Fog,濃霧,瞬間,於本回合中，防止將造成的所有戰鬥傷害。
Foresee,預知,巫術,占卜4，然後抽兩張牌。 （占卜4的流程是檢視你牌庫頂的四張牌，然後將其中任意數量的牌以任意順序置於你牌庫底，其餘則以任意順序置於你牌庫頂。）
Frost Titan,冰霜泰坦,生物～ 巨人,"每當冰霜泰坦成為由對手操控的咒語或異能之目標時，除非該咒語或異能的操控者支付{2}，否則反擊之。
每當冰霜泰坦進戰場或攻擊時，橫置目標永久物。 它於其操控者的下一個重置步驟中不能重置。"
Gaea's Revenge,蓋亞復仇靈,生物～ 元素,"蓋亞復仇靈不能被反擊。
敏捷
蓋亞復仇靈不能成為非綠色咒語或非綠色來源的異能之目標。"
Gargoyle Sentinel,哨兵石像鬼,神器生物～ 石像鬼,"守軍 （此生物不能攻擊。）
{3}：直到回合結束，哨兵石像鬼失去守軍異能並獲得飛行異能。"
Garruk Wildspeaker,召獸使賈路,鵬洛客～ 賈路,"+1：重置兩個目標地。
-1：將一個3/3綠色野獸衍生物放進戰場。
-4：由你操控的生物得+3/+3並獲得踐踏異能直到回合結束。"
Garruk's Companion,賈路的旅伴,生物～ 野獸,踐踏 （如果此生物將分配的傷害足以消滅所有阻擋它的生物，你可以將它所剩餘數量的傷害分配給防禦玩家或鵬洛客。）
Garruk's Packleader,賈路的獸群長,生物～ 野獸,每當另一個力量大於或等於3的生物在你的操控下進戰場時，你可以抽一張牌。
Giant Growth,變巨術,瞬間,目標生物得+3/+3直到回合結束。
Giant Spider,巨型蜘蛛,生物～ 蜘蛛,延勢 （此生物能阻擋具飛行異能的生物。）
Glacial Fortress,冰河要塞,地,"除非你操控平原或海島，否則冰河要塞須橫置進戰場。
{T}：加{W}或{U}到你的魔法力池中。"
Goblin Balloon Brigade,鬼怪熱氣球旅,生物～ 鬼怪／戰士,{R}：鬼怪熱氣球旅獲得飛行異能直到回合結束。
Goblin Chieftain,鬼怪酋長,生物～ 鬼怪,"敏捷 （此生物受你操控時便能攻擊與{T}。）
由你操控的其他鬼怪生物得+1/+1並具有敏捷異能。"
Goblin Piker,鬼怪長矛兵,生物～ 鬼怪／戰士,
Goblin Tunneler,穿隧鬼怪,生物～ 鬼怪／浪客,{T}：目標力量等於或小於2的生物本回合不能被阻擋。
Goldenglow Moth,澄閃蛾,生物～ 昆蟲,"飛行
每當澄閃蛾阻擋時，你可以獲得4點生命。"
Grave Titan,墓地泰坦,生物～ 巨人,"死觸
每當墓地泰坦進戰場或攻擊時，將兩個2/2黑色殭屍衍生物放進戰場。"
Gravedigger,掘墓怪,生物～ 殭屍,當掘墓怪進戰場時，你可以將目標生物牌從你的墳墓場移回你手上。
Greater Basilisk,高大蜥怪,生物～ 蜥怪,死觸 （它對生物造成的任何數量傷害都足以消滅後者。）
Harbor Serpent,港灣巨蛇,生物～ 巨蛇,"海島行者 （只要防禦玩家操控海島，此生物就不能被阻擋）
除非戰場上有五個或更多海島，否則港灣巨蛇不能攻擊。"
Haunting Echoes,迴聲縈繞,巫術,將所有基本地以外的牌從目標玩家的墳墓場放逐。 從該玩家的牌庫中搜尋所有與以此法放逐的任一張牌同名的牌，並將它們放逐。 然後該玩家將他的牌庫洗牌。
Hoarding Dragon,貯寶巨龍,生物～ 龍,"飛行
當貯寶巨龍進戰場時，你可以從你的牌庫中搜尋一張神器牌，放逐此牌，然後將你的牌庫洗牌。
當貯寶巨龍從戰場進入墳墓場時，你可以將所放逐的牌置入其擁有者手上。"
Holy Strength,神聖之力,結界～ 靈氣,"結附於生物
所結附的生物得+1/+2。"
Honor of the Pure,純淨榮耀,結界,由你操控的白色生物得+1/+1。
Hornet Sting,黃蜂螫刺,瞬間,黃蜂螫刺對目標生物或玩家造成1點傷害。
Howling Banshee,哭號女妖,生物～ 精靈,"飛行
當哭號女妖進戰場時，每位玩家失去3點生命。"
Hunters' Feast,獵人盛宴,巫術,任意數量的目標玩家各獲得6點生命。
Ice Cage,寒冰檻,結界～ 靈氣,"結附於生物
所結附的生物不能進行攻擊或阻擋，其起動式異能也不能起動。
當所結附的生物成為咒語或異能的目標時，消滅寒冰檻。"
Incite,煽動,瞬間,目標生物成為紅色直到回合結束，且本回合若能攻擊，則必須攻擊。
Infantry Veteran,資深步兵,生物～ 人類／士兵,{T}：目標進行攻擊的生物得+1/+1直到回合結束。
Inferno Titan,煉獄泰坦,生物～ 巨人,"{R}：煉獄泰坦得+1/+0直到回合結束。
每當煉獄泰坦進戰場或攻擊時，它對一個，兩個，或三個目標生物和／或玩家造成共3點傷害，你可以任意分配。"
Inspired Charge,鼓舞衝鋒,瞬間,由你操控的生物得+2/+1直到回合結束。
Jace Beleren,傑斯貝連,鵬洛客～ 傑斯,"+2：每位玩家各抽一張牌。
-1：目標玩家抽一張牌。
-10：目標玩家將其牌庫頂的二十張牌置入其墳墓場。"
Jace's Erasure,傑斯的抹消,結界,每當你抽一張牌時，你可以令目標玩家將其牌庫頂牌置入其墳墓場。
Jace's Ingenuity,傑斯的智謀,瞬間,抽三張牌。
Jinxed Idol,倒楣雕像,神器,"在你的維持開始時，倒楣雕像對你造成2點傷害。
犧牲一個生物：目標對手獲得倒楣雕像的操控權。"
Juggernaut,攻城巨車,神器生物～ 攻城巨車,"攻城巨車每回合若能攻擊，則必須攻擊。
攻城巨車不能被牆阻擋。"
Knight Exemplar,騎士模範,生物～ 人類／騎士,"先攻 （此生物會比不具先攻異能的生物提前造成戰鬥傷害。）
由你操控的其他騎士生物得+1/+1且不會毀壞。 （致命傷害以及註明「消滅」的效應都不會將它們消滅。）"
Kraken's Eye,巨怪碩眼,神器,每當玩家施放任何藍色咒語時，你可以獲得1點生命。
Lava Axe,熔岩斧,巫術,熔岩斧對目標玩家造成5點傷害。
Leyline of Anticipation,先制地脈,結界,"如果你起手的手牌包含了先制地脈，你可以讓它在戰場上來開始遊戲。
你可以將非地牌視同具有閃現異能地來施放。 （你可以於你能夠施放瞬間的時機下施放這些牌。）"
Leyline of Punishment,懲罰地脈,結界,"如果你起手的手牌包含了懲罰地脈，你可以讓它在戰場上來開始遊戲。
玩家不能獲得生命。
傷害不能被防止。"
Leyline of Sanctity,聖潔地脈,結界,"如果你起手的手牌包含了聖潔地脈，你可以讓它在戰場上來開始遊戲。
你不能成為由對手操控之咒語或異能的目標。"
Leyline of the Void,虛空地脈,結界,"如果你起手的手牌包含了虛空地脈，你可以讓它在戰場上來開始遊戲。
如果任一張牌將從任何地方置入對手的墳墓場，則改為將它放逐。"
Leyline of Vitality,活力地脈,結界,"如果你起手的手牌包含了活力地脈，你可以讓它在戰場上來開始遊戲。
由你操控的生物得+0/+1。
每當一個生物在你的操控下放進戰場時，你可以獲得1點生命。"
Lightning Bolt,閃電擊,瞬間,閃電擊對目標生物或玩家造成3點傷害。
Liliana Vess,莉蓮娜維斯,鵬洛客～ 莉蓮娜,"+1：目標玩家棄一張牌。
-2：從你的牌庫中搜尋一張牌，然後將你的牌庫洗牌，並將該牌置於其上。
-8：將所有墳墓場中的所有生物牌在你的操控下放進戰場。"
Liliana's Caress,莉蓮娜的撫觸,結界,每當一位對手棄一張牌時，該玩家失去2點生命。
Liliana's Specter,莉蓮娜僕幽靈,生物～ 幽靈,"飛行
當莉蓮娜僕幽靈進戰場時，每位對手各棄一張牌。"
Llanowar Elves,羅堰妖精,生物～ 妖精／德魯伊,{T}：加{G}到你的魔法力池中。
Magma Phoenix,岩漿鳳凰,生物～ 鳳凰,"飛行
當岩漿鳳凰從戰場進入墳墓場時，它對每個生物和玩家各造成3點傷害。
{3}{R}{R}：將岩漿鳳凰從你的墳墓場移回你手上。"
Mana Leak,魔力流失,瞬間,除非目標咒語的操控者支付{3}，否則反擊該咒語。
Manic Vandal,瘋狂莽夫,生物～ 人類／戰士,當瘋狂莽夫進戰場時，消滅目標神器。
Maritime Guard,沿海守衛,生物～ 人魚／士兵,
Mass Polymorph,全面型態轉變,巫術,放逐所有由你操控的生物，然後從你牌庫頂開始展示牌，直到你展示出該數量的生物牌為止。 將以此法展示出的所有生物牌放進戰場，然後將其餘展示的牌洗入你的牌庫。
Merfolk Sovereign,人魚君王,生物～ 人魚,"由你操控的其他人魚生物得+1/+1。
{T}：目標人魚生物本回合中不能被阻擋。"
Merfolk Spy,人魚間諜,生物～ 人魚／浪客,"海島行者 （只要防禦玩家操控海島，此生物就不能被阻擋）
每當人魚間諜向任一玩家造成戰鬥傷害時，該玩家從其手上隨機展示一張牌。"
Mighty Leap,大步飛躍,瞬間,目標生物得+2/+2並獲得飛行異能直到回合結束。
Mind Control,心靈操控,結界～ 靈氣,"結附於生物
你操控所結附的生物。"
Mind Rot,心之衰,巫術,目標玩家棄兩張牌。
Mitotic Slime,絲裂黏菌,生物～ 流漿,當絲裂黏菌從戰場進入墳墓場時，將兩個2/2綠色流漿衍生物放進戰場。 它們具有「當此生物進入墳墓場時，將兩個1/1綠色流漿衍生物放進戰場。」
Mystifying Maze,蒙惑迷宮,地,"{T}：加{1}到你的魔法力池中。
{4}，{T}：放逐目標由對手操控、且進行攻擊的生物。 在下一個結束步驟開始時，將它在其擁有者的操控下橫置移回戰場。"
Nantuko Shade,螳人陰魂,生物～ 昆蟲／陰魂,{B}：螳人陰魂得+1/+1直到回合結束。
Naturalize,回歸自然,瞬間,消滅目標神器或結界。
Nature's Spiral,自然迴旋,巫術,將目標永久物牌從你的墳墓場移回你手上。 （永久物牌包括神器牌，生物牌，結界牌，地牌，以及鵬洛客牌。）
Necrotic Plague,潰疽疫病,結界～ 靈氣,"結附於生物
所結附的生物具有「在你的維持開始時，犧牲此生物。」
當所結附的生物置入墳墓場時，其操控者選擇目標由其某位對手所操控的生物。 將潰疽疫病從其擁有者的墳墓場移回戰場，並結附於該生物上。"
Negate,失效,瞬間,反擊目標非生物咒語。
Nether Horror,陰間驚懼獸,生物～ 驚懼獸,
Nightwing Shade,夜翼陰魂,生物～ 陰魂,"飛行
{1}{B}：夜翼陰魂得+1/+1直到回合結束。"
Obstinate Baloth,頑強巴洛西,生物～ 野獸,"當頑強巴洛西進戰場時，你獲得4點生命。
如果由對手所操控的咒語或異能使得你棄掉頑強巴洛西，則改為將它放進戰場，而非置入你的墳墓場。"
Ornithopter,撲翼機,神器生物～ 振翼機,飛行
Overwhelming Stampede,壓倒性蹄響,巫術,直到回合結束，由你操控的生物獲得踐踏異能並得+X/+X，X為由你操控的生物中力量最大者的數值。 （如果由你操控的某生物將分配的傷害足以消滅所有阻擋它的生物，你可以將它所剩餘數量的傷害分配給防禦玩家或鵬洛客。）
Pacifism,和平主義,結界～ 靈氣,"結附於生物
所結附的生物不能進行攻擊或阻擋。"
Palace Guard,宮殿守衛,生物～ 人類／士兵,宮殿守衛能阻擋任意數量的生物。
Phantom Beast,幽魅獸,生物～ 虛影／野獸,當幽魅獸成為咒語或異能的目標時，將它犧牲。
Phylactery Lich,避邪符巫妖,生物～ 殭屍,"於避邪符巫妖進戰場時，在由你操控的一個神器上放置一個避邪符指示物。
避邪符巫妖不會毀壞。
當你未操控具避邪符指示物的永久物時，犧牲避邪符巫妖。"
Platinum Angel,白金天使,神器生物～ 天使,"飛行
你這盤遊戲不會輸，對手也不會贏。"
Plummet,鉛直落下,瞬間,消滅目標具飛行異能的生物。
Preordain,注定,巫術,占卜2，然後抽一張牌。 （占卜2的流程是檢視你牌庫頂的兩張牌，然後將其中任意數量的牌以任意順序置於你牌庫底，其餘則以任意順序置於你牌庫頂。）
Primal Cocoon,原初繭,結界～ 靈氣,"結附於生物
在你的維持開始時，在所結附的生物上放置一個+1/+1指示物。
當所結附的生物進行攻擊或阻擋時，犧牲原初繭。"
Primeval Titan,太古泰坦,生物～ 巨人,"踐踏
每當太古泰坦進戰場或攻擊時，你可以從你的牌庫中搜尋至多兩張地牌，將它們橫置進戰場，然後將你的牌庫洗牌。"
Prized Unicorn,珍奇獨角獸,生物～ 獨角獸,所有能夠阻擋珍奇獨角獸的生物皆須阻擋之。
Prodigal Pyromancer,放蕩烈焰術士,生物～ 人類／魔法師,{T}：放蕩烈焰術士對目標生物或玩家造成1點傷害。
Protean Hydra,變化多頭龍,生物～ 多頭龍,"變化多頭龍進戰場時上面有X個+1/+1指示物。
如果變化多頭龍將受到傷害，則防止該傷害且從其上移去等量的+1/+1指示物。
每當從變化多頭龍上移去一個+1/+1指示物，在下一個結束步驟開始時便在其上放置兩個+1/+1指示物。"
Pyretic Ritual,熱病祭禮,瞬間,加{R}{R}{R}到你的魔法力池中。
Pyroclasm,烈火斷層,巫術,烈火斷層對每個生物各造成2點傷害。
Quag Sickness,沼地病症,結界～ 靈氣,"結附於生物
你每操控一個沼澤，所結附的生物便得-1/-1。"
Reassembling Skeleton,重組骷髏妖,生物～ 骷髏妖／戰士,{1}{B}：將重組骷髏妖從你的墳墓場橫置進戰場。
Redirect,移轉,瞬間,你可以為目標咒語選擇新的目標。
Relentless Rats,無情鼠群,生物～ 老鼠,"戰場上每有一個名稱為無情鼠群的其他生物，無情鼠群便得+1/+1。
名稱為無情鼠群的牌，在套牌中之數量不受限制。"
Reverberate,令其回響,瞬間,複製目標瞬間或巫術咒語。 你可以為該複製選擇新的目標。
Rise from the Grave,墳場復生,巫術,將任一墳墓場中的目標生物牌在你的操控下放進戰場。 該生物額外具有黑色此顏色與「殭屍」此類別。
Roc Egg,洛克鳥蛋,生物～ 鳥,"守軍 （此生物不能攻擊。）
當洛克鳥蛋從戰場進入墳墓場時，將一個3/3白色，具飛行異能的鳥衍生物放進戰場。"
Rootbound Crag,盤根峭壁,地,"除非你操控山脈或樹林，否則盤根峭壁須橫置進戰場。
{T}：加{R}或{G}到你的魔法力池中。"
Rotting Legion,腐臭軍團兵,生物～ 殭屍,腐臭軍團兵須橫置進戰場。
Royal Assassin,皇家刺客,生物～ 人類／殺手,{T}：消滅目標已橫置的生物。
Runeclaw Bear,符爪熊,生物～ 熊,
Sacred Wolf,聖狼,生物～ 狼,聖狼不能成為由對手所操控之咒語或異能的目標。
Safe Passage,安全出路,瞬間,於本回合中，防止將對你與由你操控之生物造成的所有傷害。
Scroll Thief,卷軸盜賊,生物～ 人魚／浪客,每當卷軸盜賊向一位玩家造成戰鬥傷害時，抽一張牌。
Serra Angel,撒拉天使,生物～ 天使,"飛行
警戒 （此生物攻擊時不需橫置。）"
Serra Ascendant,撒拉入聖僧,生物～ 人類／修行僧,"繫命 （此生物所造成的傷害會讓你獲得等量的生命。）
只要你有30點或更多生命，撒拉入聖僧便得+5/+5且具有飛行異能。"
Shiv's Embrace,西瓦之擁,結界～ 靈氣,"結附於生物
所結附的生物得+2/+2並具有飛行異能。
{R}：所結附的生物得+1/+0直到回合結束。"
Siege Mastodon,攻城乳齒象,生物～ 象,
Sign in Blood,以血立契,巫術,目標玩家抽兩張牌並失去2點生命。
Silence,封口,瞬間,所有對手本回合都不能施放咒語。 （在它結算之前已經施放的咒語不會受其影響。）
Silvercoat Lion,銀毛獅,生物～ 貓,
Sleep,眠夢咒,巫術,橫置由目標玩家操控的所有生物。 這些生物在該玩家的下一個重置步驟中不能重置。
Solemn Offering,莊嚴獻祭,巫術,消滅目標神器或結界。 你獲得4點生命。
Sorcerer's Strongbox,術士保險櫃,神器,{2}，{T}：擲一枚硬幣。 若你贏得此擲，則犧牲術士保險櫃並抽三張牌。
Spined Wurm,刺棘亞龍,生物～ 亞龍,
Squadron Hawk,鷹中隊,生物～ 鳥,"飛行
當鷹中隊進戰場時，你可以從你的牌庫中搜尋至多三張名稱為鷹中隊的牌，展示它們，將它們置入你手上，然後將你的牌庫洗牌。"
Stabbing Pain,刺痛,瞬間,目標生物得-1/-1直到回合結束。 橫置該生物。
Steel Overseer,鋼鐵督軍,神器生物～ 組構體,{T}：在每個由你操控的神器生物上放置一個+1/+1指示物。
Stone Golem,石魔像,神器生物～ 魔像,
Stormfront Pegasus,暴鋒飛馬,生物～ 飛馬,飛行
Stormtide Leviathan,暴潮海怪,生物～ 海怪,"海島行者 （只要防禦玩家操控海島，此生物就不能被阻擋）
所有地均額外具有海島此類別。
不具飛行或海島行者異能的生物不能攻擊。"
Sun Titan,旭日泰坦,生物～ 巨人,"警戒
每當旭日泰坦進戰場或攻擊時，你可以將目標總魔法力費用等於或小於3的永久物牌從你的墳墓場移回戰場。"
Sunpetal Grove,日瓣樹叢,地,"除非你操控樹林或平原，否則日瓣樹叢須橫置進戰場。
{T}：加{G}或{W}到你的魔法力池中。"
Sword of Vengeance,復仇劍,神器～ 武具,"佩帶此武具的生物得+2/+0並具有先攻，警戒，踐踏，及敏捷異能。
佩帶{3} （{3}：裝備在目標由你操控的生物上； 佩帶的時機視同巫術。）"
Sylvan Ranger,森林巡守,生物 妖精／斥候,當森林巡守進戰場時，你可以從你的牌庫中搜尋一張基本地牌，展示該牌，並將它置入你手上，然後將你的牌庫洗牌。
Temple Bell,廟宇響鐘,神器,{T}：每位玩家各抽一張牌。
Terramorphic Expanse,地塑曠野,地,{T}，犧牲地塑曠野：從你的牌庫中搜尋一張基本地牌，並將之橫置進戰場。 然後將你的牌庫洗牌。
Thunder Strike,雷霆揮擊,瞬間,目標生物得+2/+0且獲得先攻異能直到回合結束。 （此生物會比不具先攻異能的生物提前造成戰鬥傷害。）
Time Reversal,時間逆轉,巫術,每位玩家將其手牌與墳墓場洗入其牌庫，然後各抽七張牌。 放逐時間逆轉。
Tireless Missionaries,不倦傳教士,生物～ 人類／僧侶,當不倦傳教士進戰場時，你獲得3點生命。
Tome Scour,清理書本,巫術,目標玩家將其牌庫頂的五張牌置入其墳墓場。
Traumatize,精神受創,巫術,目標玩家將其牌庫從頂上算起一半數量的牌置入其墳墓場，小數點以下捨去。
Triskelion,三臂鐵人,神器生物～ 組構體,"三臂鐵人進戰場時上面有三個+1/+1指示物。
從三臂鐵人上移去一個+1/+1指示物：三臂鐵人對目標生物或玩家造成1點傷害。"
Unholy Strength,不潔之力,結界～ 靈氣,"結附於生物
所結附的生物得+2/+1。"
Unsummon,反召喚,瞬間,將目標生物移回其擁有者手上。
Vengeful Archon,復仇統領,生物～ 統領,"飛行
{X}：於本回合中，防止接下來將對你造成的X點傷害。 如果以此法防止傷害，則復仇統領對目標玩家造成等量的傷害。"
Viscera Seer,拽臟預言師,生物～ 吸血鬼／魔法師,犧牲一個生物：占卜1。 （占卜1的流程是檢視你的牌庫頂牌，然後你可以將該牌置於你牌庫底。）
Volcanic Strength,火山之力,結界～ 靈氣,"結附於生物
所結附的生物得+2/+2並具有山脈行者異能。 （只要防禦玩家操控山脈，它便不能被阻擋。）"
Voltaic Key,電壓鑰匙,神器,{1}，{T}：重置目標神器。
Vulshok Berserker,瓦許克狂戰士,生物～ 人類／狂戰士,敏捷 （此生物受你操控時便能攻擊與{T}。）
Wall of Frost,霜牆,生物～ 牆,"守軍 （此生物不能攻擊。）
每當霜牆阻擋生物時，該生物於其操控者的下一個重置步驟中不能重置。"
Wall of Vines,藤蔓牆,生物～ 植物／牆,"守軍 （此生物不能攻擊。）
延勢 （此生物能阻擋具飛行異能的生物。）"
War Priest of Thune,圖恩戰僧,生物～ 人類／僧侶,當圖恩戰僧進戰場時，你可以消滅目標結界。
Warlord's Axe,軍頭斧,神器～ 武具,"佩帶此武具的生物得+3/+1。
佩帶{4} （{4}：裝備在目標由你操控的生物上； 佩帶的時機視同巫術。）"
Water Servant,水僕役,生物～ 元素,"{U}：水僕役得+1/-1直到回合結束。
{U}：水僕役得-1/+1直到回合結束。"
Whispersilk Cloak,細語絲篷,神器～ 武具,"佩帶此武具的生物不能被阻擋。
佩帶此武具的生物具有帷幕異能。 （它不能成為咒語或異能的目標。）
佩帶{2} （{2}：裝備在目標由你操控的生物上； 佩帶的時機視同巫術。）"
White Knight,白騎士,生物～ 人類／騎士,"先攻 （此生物會比不具先攻異能的生物提前造成戰鬥傷害。）
反黑保護 （此生物不能被黑色的東西所阻擋，指定為目標，造成傷害，或是被結附。）"
Wild Evocation,狂野呼喚,結界,在每位玩家的維持開始時，該玩家從其手上隨機展示一張牌。 若該牌是地牌，該玩家將它放進戰場。 若否，且該玩家能施放它，則施放之且不需支付其魔法力費用。
Wild Griffin,野生獅鷲,生物～ 獅鷲,飛行
Wurm's Tooth,亞龍巨牙,神器,每當玩家施放任何綠色咒語時，你可以獲得1點生命。
Yavimaya Wurm,亞維瑪雅亞龍,生物～ 亞龍,踐踏 （如果此生物將分配的傷害足以消滅所有阻擋它的生物，你可以將它所剩餘數量的傷害分配給防禦玩家或鵬洛客。）
