Reya Dawnbringer,10E,「在我答應之前，你還沒死。」
"Kamahl, Pit Fighter",10E,在自由近乎失落之時，強壯心靈將挺身奪回。
Arcanis the Omnipotent,10E,「甭費心打探我的來歷宗族或八代遠祖。 瞧瞧我在死鬥坑的戰績，就可以下賭注了。」
"Squee, Goblin Nabob",10E,"「有些鬼怪是消耗品。 有些則根本擺脫不掉。 但他兩者都是～擺脫不掉的消耗品！」
～史塔克"
Ascendant Evincar,10E,寇維克斯的靈魂深陷天使詛咒，英雄氣概淪入萬丈黑暗。
Platinum Angel,10E,心中埋藏著不朽的秘密。
Air Elemental,10E,"「東風闖入西風時令統治區，猶如背藏利刃、面容冷漠的暴君，準備要背節行刺。」
～約瑟夫‧康拉德，《如鏡的大海》"
Angel of Mercy,10E,每顆淚珠都是一滴不朽。
Angel's Feather,10E,若遭冒犯，它將劃破強奪之手。 若係饋送，它將治癒領受之手。
Snapping Drake,10E,暴躁的龍獸習於獨居。 即使是守巢孵蛋的雌性，也會忍不住攻擊親生幼雛。
Aven Windreader,10E,「甚至連最微小的水紋都透露出十噚深的故事。」
Ballista Squad,10E,對付堅實緊密的陣型之良方。
Crucible of Worlds,10E,從最暗沉的灰燼中長出最堅強的種子。
Dusk Imp,10E,小惡魔的聰明程度剛好夠理解何謂殘酷。
Bog Wraith,10E,久太深知竹沼之危險，於是佈置守護以作預警。 但他沒想到索命客竟能毫不費力地找上門來。
Boomerang,10E,早年的傑姆拉獵人發明了能回到手上的武器。 陶拉里亞乙太術士則跳過武器階段，直接發展出這類咒語。
Bottle Gnomes,10E,增援...或是點心？
Coat of Arms,10E,"「哈，二，三，四，
我們不會往下數。」"
Consume Spirit,10E,"「你的血肉，你的骨髓，你的精魂～全屬於我。」
～蓋司屬下梅瓦"
Sunken Hope,10E,"「我從不考慮對手有何期望。 期望隨著浪潮漲落。 他們只會更快撤退。」
～大使拉夸塔"
Kavu Climber,10E,"「幾根樹枝斷裂，樹葉颯颯作響，接著一聲震天狂吼。 當死亡從天而降，我們一行人毫無機會逃離。」
～妖精吟遊詩人塔欣"
Creeping Mold,10E,腐霉爬過牆垣，侵入每處縫隙，直到白淨的岩石支撐不住而爆裂。
Cruel Edict,10E,"「下一句話好好想過再說。 那會是你的遺言。」
～不可近的菲姬"
Demolish,10E,"「千錘百煉磨成鋼，
不成材？ 全毀葬。」
～矮人冶鐵歌"
Demon's Horn,10E,其彎弧好似生與死的糾結。
Demystify,10E,"「在現實無法立足者，才會尋求幻影支撐。」
～柯‧曼諾"
Diabolic Tutor,10E,最好的點子常常出自最壞的心靈。
Dragon's Claw,10E,雖已不在龍掌之上，卻似乎依然緊扣著敵手不放。
Drudge Skeletons,10E,"「死者可成為良好的士兵。 它們不會違背命令，它們從不投降，它們也不會因為身上隨便哪塊部份掉下來就停止戰鬥。」
～妮維亞洛，《死靈術士手冊》"
Elvish Berserker,10E,敵人當之披靡，宛如秋風掃落葉般。
Elvish Champion,10E,"「利刃成林
以禦蔽空之敵」
～妖精讚歌"
Elvish Piper,10E,"蓋亞肇生世界，而後世界一片沈寂。 蓋亞肇生世界中之妖精，而後世界不再沈寂。
～妖精教誨"
Llanowar Sentinel,10E,"「森林中的眼目和樹葉一樣多。」
～晴空號的米麗"
Evacuation,10E,"「一旦我讓風吹起，你會看到手下兵士如煙散去。」
～西風法師阿蕾克絲"
Festering Goblin,10E,活著的時候是個活動垃圾堆， 死後也沒啥變化。
Earth Elemental,10E,大地元素之力量如盤石，堅毅如山脈。 他們自古便立基於大地，碌碌眾生的莽撞急切在其眼中顯得可笑之至。
Wild Griffin,10E,"「由於代價太高，我只好放棄建立獅鷲騎兵中隊的夢想。 只要一匹獅鷲掙脫轡頭，就會吃掉三名訓練師。」
～奇亞多王達利安"
Highway Robber,10E,「夫人，今晚留下妳的錢，還有妳的命。」
Furnace of Rath,10E,大熔爐等待著下一位能揚起末日戰火的主子。
Giant Spider,10E,"「我在穆塔尼那邊受訓時，他要我坐下來觀察亞維馬雅的蜘蛛，一次要好幾個小時。 我從牠們身上學到了匿蹤，耐心，以及網下風龍獸的最好方法。」
～晴空號的米麗"
Glorious Anthem,10E,只要聽過一次，天使戰歌將永遠成為聆聽者的一部份。
Knight of Dusk,10E,「叫你最強的手下與我一戰。 我要用他們的血洗劍。」
Goblin King,10E,為了成為國王，奴斯吉爾對布羅格作了布羅格對烏克富、烏克富對維多、維多對洛爾，以及洛爾對奧羅克...等所作的事。
Duct Crawler,10E,"「老大要我們試看看訓練牠。 要牠攻擊～牠吃掉夫魯。 要牠快跑～牠就跑不見。 成功！」
～鬼怪探窟員狄力"
Goblin Piker,10E,當他搞清楚這東西哪一頭是尖端時，便晉升為守衛。
Goblin Sky Raider,10E,鬼怪語裡面的「飛行」，翻譯起來其實比較接近「慢慢掉下來」。
Grave Pact,10E,"「忠誠的束縛可以把人綁到墳墓裡。」
～天威大魔將寇維克斯"
Gravedigger,10E,滿載的棺木就像滿載的寶庫～兩者都對賊有吸引力。
Grizzly Bears,10E,"「千萬別忘記了，在多明納里亞諸般神奇之中，有個生命的系統存在著；裡面包括了獵物與獵者，彼此不會爭戰或是搶奪遠古力量。」
～百獸女皇裘蕾爾"
Hill Giant,10E,幸運地，山丘巨人有著可讓人類輕易躲藏的大盲點； 不幸地，這些盲點正位於其腳底下。
Holy Day,10E,"「今天境內一片歡慶平和，但戰事還沒結束。 把嗜血慾望先收好；你明天就會用到。」
～撒姆尼人的醫療員卡林"
Honor Guard,10E,一分力量，十分勇氣。
Horseshoe Crab,10E,"「嗯...這看來像是蟲子。 快打開來嚐嚐它到底是不是！」
～鬼怪機艙員斯奎"
Howling Mine,10E,傳說中，那礦井會嘶吼著死在其中者的臨終話語。
Hunted Wumpus,10E,只要一頭就能讓一打人整個月不餓肚子。
Hypnotic Specter,10E,遭襲者的眼睛都爆裂著血絲，破碎夢想從中流洩。
Icy Manipulator,10E,火焰蘊含著渾沌與毀滅的鼓動，以及生命的種子。 寒冰蘊含著安寧與秩序的完善，以及死亡的寂靜。
Tundra Wolves,10E,"「我聽到牠們淒厲的吼聲；狼群正呼叫凍原另一端的家族成員。」
～歐尼亞斥候"
True Believer,10E,他的信念無比堅定，單將事實攤在眼前還無法令他動搖分毫。
Kraken's Eye,10E,亮似明鏡，闇如深洋。
Lava Axe,10E,「接招！」
Lightning Elemental,10E,"「閃耀的光芒，波動的裂隙，
他穿過生命直達墓場而安息。」
～威廉．諾克斯，「凡命」"
Llanowar Elves,10E,"每踩斷腳下一根樹枝就打斷一根骨頭。
～羅堰族對非法入侵者的罰則"
Looming Shade,10E,其外型從未固定，被無影陰風推壓不已。
Lord of the Undead,10E,「親愛的，別為失敗落淚。 妳死後將為更崇高的目標效命～我的目標。」
Lumengrid Warden,10E,護持師凝視著無盡頭的進展汪洋。
Mahamoti Djinn,10E,神燈巨靈乘著風的翅膀，擁有大氣精靈中的高貴血統。 他是詭計與誤導的專家，不論身處賭場或戰場都是一等高手。
Loxodon Mystic,10E,秘教徒長者嚴循禁語誓言，就連在身邊的人也必須奉行。
Megrim,10E,"「痛苦是工具，也是技藝。 一如工具，它得磨利。 一如技藝，它得施展。」
～柯幫刑吏虎克"
Might of Oaks,10E,「猜猜看，我要把它插在哪裡！」
Millstone,10E,石輪日夜不息地轉動，所發出的恐怖聲響將許多法師逼得發狂。
Mind Rot,10E,"「精神攻擊最美妙之處，就是中招者根本不記得自己中了招。」
～瓦拉司"
Nantuko Husk,10E,"靈魂發散光芒，死亡為其暗影。 光芒漸微之時，生與死終結合。
～螳人教誨"
Natural Spring,10E,"「珠寶不能吃，黃金不能喝。 文明會向你需索代價者，大自然只默默提供。」
～瑪洛術士莫黎墨"
Naturalize,10E,"「嗯，還有個漂亮花瓶可用呢. ...」
～索地威工匠阿肯．達格森"
Nightmare,10E,他的鐵蹄巨響將夢擊入絕境。
Orcish Artillery,10E,"「想宰我的部下？ 找兩個人陪他們玩玩。」
～喀左格將軍"
Ornithopter,10E,"「能改良索藍原始設計是我的榮幸。 也許歷史會為我的成果記下一小筆功勞。」
～學徒時期的克撒"
Pacifism,10E,在葛瑞克的一生中，這是他首次感到內心的溫情與暖意。
Angelic Wall,10E,"「聖祖靈以無從領略的形式保護著我們。」
～祕教長老"
Time Stretch,10E,今朝何其多。
Plague Beetle,10E,沒人知道他們的稱呼是源於身上所帶的疾病，或是他們繁殖的速度。
Puppeteer,10E,"「自由意志有一點很有趣： 沒了它，你也感覺不出有何差別。」
～大使拉夸塔"
Raging Goblin,10E,他對世界、家庭和他的生活都感到憤怒。 但大多時候他只是純粹憤怒。
Rampant Growth,10E,大自然為她的問題而栽培答案。
Ravenous Rats,10E,老鼠的眼中沒有神聖之物， 所有東西都是一頓飽餐。
Severed Legion,10E,日落後的艾非托沒人會應門。
Relentless Assault,10E,「手下留情？ 運動場上才可能手下留情，戰場上沒這回事。」
Reminisce,10E,就算只替往事留個小門縫，泉湧的回憶也可能讓門招架不住。
Remove Soul,10E,當敵手無兵可用，便是你勝利之時。
Rod of Ruin,10E,這支棍棒是遠古年代的遺物...那是個殘忍、惡毒、心靈敗壞的年代。
Rootwalla,10E,想要偷襲蘿特瓦拉的話，你將會發現自己得面對兩倍大的蜥蜴。
Royal Assassin,10E,修習匿蹤技藝的皇家刺客總是細心選擇其犧牲品，不倚仗蠻力，即時且精準地行動。
Bloodfire Colossus,10E,他得花上全力來維持內在的怒火。
Angelic Chorus,10E,榮光聲韻乃為惡者輓歌。
Angelic Blessing,10E,只有勇於正視自身致命弱點的戰士，才能受到超凡力量的庇護。
Rock Badger,10E,"「牠衝向要塞時，我還當成是頭熊。 到了牠撞破壁壘與半數衛兵後，我真巴不得牠是頭熊。」
～巨弩守衛"
Mobilization,10E,勝仗得靠力量，英勇，以及數量～尤其是數量。
Scathe Zombies,10E,"「它們呻吟、碰撞，站起身來，
口不言語，眼不理睬；
看到死人如此復生，
即使在夢中，還是很古怪。」
～山繆．泰勒．柯律芝，
「古舟子詠」"
Sea Monster,10E,這種怪物的傳說很容易給當成迷思～直到你感到三十萬磅的迷思重重壓上船身。
Seedborn Muse,10E,"「她的聲音蘊含野性，不羈而純淨。」
～德魯伊侍僧卡馬爾"
Sengir Vampire,10E,帝國興落，邪惡永存。
Serra Angel,10E,她的劍吟唱著比任何歌曲更優美的旋律。
Shivan Dragon,10E,西瓦山脈無庸置疑的主人。
Rootwater Commando,10E,如今很少見到根潭的人魚，但妖精屍體還是多如往昔。
Skyhunter Patrol,10E,"「我們獅族飛入長空，藉以統治無盡平原。」
～金獅王洛夏"
Soul Feast,10E,"「我聞到活人新鮮血液的氣息。 我聽到它在皮膚底下滑動的聲音。 這熱情邀約令我飢渴難以抗拒。」
～辛格氏吸血鬼優利"
Soul Warden,10E,"仔細照護靈魂，勿使之迷途。
～維克族教諭"
Spellbook,10E,"「這個聰慧女子將所學的每樣東西都寫進書裡；最後每一頁都被墨水塗黑了，她又改用白墨水，重新開始。」
～銀魔像卡恩"
Spined Wurm,10E,其刺棘有如鋸上尖齒，在領地的植群刻上鮮明記號。
Spineless Thug,10E,這沒骨氣的傢伙硬是擺出副凶殘模樣。
Sudden Impact,10E,"「有人認為先考慮再行動才穩當。 我拿下的人頭通常都還在考慮各種應對之道。」
～熔岩法師赭拉瓦"
Suntail Hawk,10E,目如炫日，鳴似寒風。
Telepathy,10E,"「問題不在於我能否解讀心靈， 而是我還沒找到值得解讀的。」
～大使拉夸塔"
Thieving Magpie,10E,一般鳥兒收集細枝築巢， 鵲則是收集寶石來築巢。
Threaten,10E,鬼怪激勵行動的技巧粗糙卻有效。
Tidings,10E,"「雖然信件長達數頁，我只要瞧瞧信差的表情便能曉得重點。」
～魔法大師巴林"
Wall of Wood,10E,半獸人伐木工當晚將器具磨利，好準備第二天的工作。 他們醒來時卻發現樹林也做好了自己的準備。
Traumatize,10E,"「有教養的心靈沉甸甸地塞滿學識。 它也最容易被自身的重量壓垮。」
～大使拉夸塔"
Treetop Bracers,10E,重力的意義，端看你如何解釋它。
Underworld Dreams,10E,"「在昏眩的心靈暗窟裡，夢以晝間商隊散落的片段築巢。」
～拉賓德拉納．泰戈爾"
Unholy Strength,10E,此等力量強體而噬魂。
Venerable Monk,10E,歲月磨蝕肉身，卻光亮了心靈。
Verdant Force,10E,若讓大自然恣意而行，必將盈滿任何容器，掙脫任何限制，漫出任何疆域。
Gaea's Herald,10E,「蓋亞以自然暴烈之聲歌唱：千百種嚎叫、轟鳴、呼喊，每樣都不容忽視。」
Youthful Knight,10E,胸中理想勝過身外鎧甲。
Viridian Shaman,10E,對自然世界而言，她是個鮮活象徵；對自然之敵而言，她是位難纏對手。
Warrior's Honor,10E,"「正義戰士終將面對一場不可能取勝的戰鬥。 而她將如同往日地祝福這一天。」
～神聖復仇者阿玆蜜拉"
Loyal Sentry,10E,「我的使命很簡單：讓你永遠看不到要塞內部，無論任何代價。」
Pyroclasm,10E,"「空氣燃燒時，只有死亡才能深呼吸。」
～博卡登巫師"
Cloud Elemental,10E,空民以生體雲朵環繞天空居城，兼收劍與盾之效。
Wurm's Tooth,10E,亞龍不會說謊。 它若張開嘴巴，就是要把你吃掉。
Doomed Necromancer,10E,許多死靈術士的遺言是同一句～用來結束亡物儀式的那句。
Terramorphic Expanse,10E,邁開兩步，向北邁進動盪將來，向南則為無寧過往，向東步回眼下此刻，或向西踏入未知境地。
Plagiarize,10E,「你想的和我一樣？」
Seismic Assault,10E,大地以火焰武裝自己。
Hurricane,10E,"「不需羨慕龍獸之美。 等到第一陣狂風把牠們吹得跌跌撞撞，那優雅形象馬上就要破滅。」
～瑪洛術士莫黎墨"
Twincast,10E,模仿是恭維的最危險形式。
Persuasion,10E,熟練的法師想收些什麼，沒人能說得準。
Spiketail Hatchling,10E,牠閃避大海波浪，好因應魔法波動。
Flashfreeze,10E,"「自然？ 火焰？ 哼！ 這兩種混沌產物都難以駕馭。 冰有結構又方正，有時輕若鴻毛，有時重如冰河。 冰裡蘊藏無限力量！」
～霜風會首領亥達"
Cryoclasm,10E,泰瑞西亞居民開始在冰結地表上居住，把此處當成是平穩大地。 在大解凍來臨、裂口四現之前，他們幾乎忘記了其間的不同。
Deathmark,10E,"「據說每片雪花都獨一無二；希望這是真的，因為我再也不想看到這樣一片。 快把屍體清理掉。」
～奇亞多巡邏隊的桑班．蓋德森"
Karplusan Strider,10E,神行客長而遠的步伐，是為適應厚重積雪，以便快速行動。
Luminesce,10E,"「白盾並不是紮在你前臂的那片光亮金屬，而是燃燒在你胸膛的信念。」
～白盾騎士團長
露西妲．斐斯朵"
Ambassador Laquatus,10E,「生命有如一盤棋。 重點在於你是棋手或棋子。」
Shunt,10E,阿朗喜將怒火藏在心中，堅硬明亮如紅寶石。 她用此銳利鋒芒改寫戰爭法則。
Manabarbs,10E,"「我不知道為何人們總說雙面刃不好。 這就是把劍。上面有兩道刃。」
～死鬥戰士卡馬爾"
Shatterstorm,10E,從魔法器械的奇蹟變成一堆冒煙廢鐵，過程簡單至極。
Lavaborn Muse,10E,"「她的聲音蘊含災禍，痛苦而絕望。」
～熔岩術士馬佗克"
Scoria Wurm,10E,深夜時分，西瓦的深處便傳出陣陣嚎聲，像是亞龍們在歌唱著人類出現以前的遠古歲月。
Flamewave Invoker,10E,連最不起眼的鬼怪都潛藏著成大事的潛力～或是壞大事。
Fists of the Anvil,10E,葛隆心中算計著各種可能狀況，其中大多數最好是永遠別說出口。
Goblin Elite Infantry,10E,一嘴好本領。
Thundering Giant,10E,巨人出現前幾秒，你就能感覺到他。
Bloodrock Cyclops,10E,"「獨眼巨人的語言只有五十個字，而其中十個的意思是『殺』。」
～爾泰"
Starlight Invoker,10E,「星光交織而成的星座圖，讓我能追尋族人的破碎歷史。 那閃爍光芒不分晝夜地召喚著，要我快將圖樣補齊。」
Furnace Whelp,10E,幼龍無法了解人類這種生物～既然不想被殺，那他們又為什麼是用肉跟寶藏做的？
Quirion Dryad,10E,"「別低估大自然對人為影響的適應能力。」
～瑪洛術士莫黎墨"
Upwelling,10E,妃雅麗茲許諾了不息黎明、不盡長日。 為此諾言而畏懼者與為其歡慶者一樣多。
Joiner Adept,10E,有天份的學徒能造出各種東西。 大師則讓各種東西都造得出來。
Scion of the Wild,10E,他將為千百滅絕物種復仇。
Recollect,10E,"「逝者的骨骸會訴說他們的故事～只要你瞭解他們的語言。」
～撒芙兒"
Sylvan Scrying,10E,為了瞥一眼妖精的房舍，她得在原野中待上好幾週。
Yavimaya Enchantress,10E,她的根讓自己與森林的願望連結。
Civic Wayfinder,10E,「這巷子不太安全。 跟我來，我可以領你走回市集廣場。」
Aggressive Urge,10E,傾注在單次衝鋒上的荒野力量。
Pincher Beetles,10E,"「哪有這種事！ 怎麼輪到蟲子反過來咬我啦？」
～鬼怪機艙員斯奎"
Craw Wurm,10E,巨爪亞龍最可怕之處，大概便是牠高速衝過森林時所造成的恐怖聲響了。 那巨大的聲響在樹間迴盪不歇，有如同時從四面八方而來。
Condemn,10E,"「既然需簽署的文件一無遺漏，仲裁者當然會放過你。 但我現在就要主持正義！」
～波洛斯公會法師阿勞涅"
Viashino Runner,10E,"「牠先這樣動，然後那樣動，然後我要刺牠的時候，牠跳過我頭上，然後就不見了。」
～鬼怪突擊員珠拉"
Smash,10E,拉尼卡的法律是用來保護工業，而不是保護市民。 老舊的武具均應銷毀而不予修復，如此才能充實工廠的金庫。
Bogardan Firefiend,10E,"「要是哪個傢伙再叫我躺在火邊休息，他就死定了。」
～晴空號的米麗"
Shivan Hellkite,10E,龍鱗可製成強力的盾牌，但你要先取得龍牙來切割它。
Flowstone Slide,10E,"「就像山崩。 卻有尖牙。 一路追你。 甚至爬坡。」
～凡爾西諾亡命者燧足"
Nomad Mythmaker,10E,在荒野草原上，歷史化作微塵。 只剩神話詩人訴說一切的曾是，正是，與將是。
Windborn Muse,10E,"「她的聲音蘊含正義，清晰而不息。」
～雪仇天使愛若瑪"
Kjeldoran Royal Guard,10E,奇亞多朗皇家護衛挺立冰雪苔原，長槍聳立，永遵王誓。
Righteousness,10E,有時候，最強大的力量便是信念之力。
Beacon of Immortality,10E,洞窟內光華滿溢；萬道白芒激射而出，終爾融聚為一。
"Cho-Manno, Revolutionary",10E,「瑪凱迪亞之假面將再也掩藏不住事實。 我們的時代終於來臨了。」
Vedalken Mastermind,10E,維多肯族總保持距離冷眼旁觀他族，一如看待實驗對象或研究標的。
Merfolk Looter,10E,"它現在屬於人魚。
～海難禱文"
Peek,10E,有時你必須尋找心外之意。
Aura Graft,10E,「這不算偷，而更近於廣義的借用。」
Aven Fisher,10E,手握同支長矛，獵捕今朝食物，保衛明日家園。
Hate Weaver,10E,「讓我的仇恨增強你的憤怒。」
Might Weaver,10E,「讓我的力量堅定你的決心。」
Rage Weaver,10E,「讓我的熱情激勵你的勝利。」
Sky Weaver,10E,「讓我的智慧賜與你羽翼。」
Spirit Weaver,10E,「讓我的希望成為你的護盾。」
Phantom Warrior,10E,"「幻影夢枕猶如漫天雪花無盡。 我們自夢境醒轉，又進入另一個夢境。」
～拉爾夫．沃爾多．愛默生，《幻影》"
Cloud Sprite,10E,嬌美的仙子雖為薩帕佐人傳遞訊息，卻拒絕降臨瑪凱迪亞城的骯髒市集。
Telling Time,10E,若能從「顯現未來」進步到「命令未來去做什麼」，就算是大功告成。
Academy Researchers,10E,他們炫耀最新理論的模樣有如戰士揮舞刀劍。
Fog Elemental,10E,"「它是完美的哨兵。 該過關的人可以直接穿越。」
～泰菲力"
Reviving Dose,10E,撒姆尼人的醫療員從不在辛辣刺鼻的靈藥裡加入甘味或茶香。 只消施藥兩回，便能讓大多數戰士如常步行。
Samite Healer,10E,醫療員們終究會得到神賜的健全身心。 其中最虔誠者還將獲賜使他人身體健全的能力。
Skyhunter Prowler,10E,空獵者與其座騎都不知疲累為何，一趟警戒總以日為單位。
Ghost Warden,10E,"「我總以為命運就像鐵柵欄，錯綜複雜而又無從改變。 自從某種力量彎曲命運的鐵杆來救我一命之後，我再也不作如是想。」
～旅行說書人伊洛莫"
Bandage,10E,生命由許多小部分組成。 對醫者而言，這每個小部分都珍貴無比。
Hail of Arrows,10E,"「在我下令前，一支箭都不准射。 在我下令後，永岩城一支箭都不准留。」
～武野將軍"
Steadfast Guard,10E,「瑪凱迪亞敗類，最好把舌頭塞回狗嘴裡。你的白銀巧言與黃金賄賂一出了城，就沒你以為的那麼閃亮。」
Wall of Swords,10E,入侵者前方的大氣迴盪尖嘯，透出無數刀刃的破風聲響，有如不見身影的方陣兵揮舞著兵器。
Icatian Priest,10E,蓋登跪下，感到祝禱士冰涼乾燥的手貼上自己額頭。 數小時後他回復神智，發現自己立於勝利戰場，敵人鮮血濺了滿身。
Aura of Silence,10E,寂靜不總能輕易打破。
Tempest of Light,10E,「讓萬物回歸本我，使天命運行無礙。」
High Ground,10E,在戰場上，就如同在社會中，位置高低是重要的關鍵。
Mogg Fanatic,10E,「我抓到了！ 我抓到了！ 我～」
Discombobulate,10E,"「我說『取他的腦』，不是『打爛他的頭』。」
～激流計劃研究員"
Incinerate,10E,"「對，我認為『燒烤』是個貼切的描述。」
～特務巫師雅亞巴拉德"
Prodigal Pyromancer,10E,「我在看什麼？ 灰燼，死人。」
Anaba Bodyguard,10E,"「想挑戰牛頭怪的人，應該會喜歡自己鮮血的味道。」
～晴空號的米麗"
Stun,10E,"「幸好，人魚不太習慣有腳的對手。」
～晴空號的傑拉爾德"
Counsel of the Soratami,10E,「智慧不是去計數瀑布中有多少水滴， 而是學習為何水要奔向土地。」
Crafty Pathmage,10E,"跟著徑法師
～歐塔利亞用語，意指
「迅速逃離」"
Fugitive Wizard,10E,"「要說法律的地位，大概就是我咒語書的附註吧。」
～漂泊法師西亞妮"
Skyshroud Ranger,10E,就連妖精都算不上熟知天帷森林。 護林兵只是其中最有能力對應未知狀況者。
Stalking Tiger,10E,在傑姆拉叢林中，美麗與危險經常集於一體。
Canopy Spider,10E,牠排除掉森林高處的任何威脅...除了蜘蛛本身。
Femeref Archers,10E,"「我敢打賭你射不中牠的眼睛。」
「左眼還是右眼？」"
Recover,10E,當巴林挖出女兒屍體時，他才真正了解效忠克撒的代價。
Phyrexian Rager,10E,它手下不留活口，但會把最為精粹的部分留給非瑞克西亞。
Essence Drain,10E,"「妖精是對的：死亡必將引領新生。 但真強者不只能體驗此循環，還能一手掌控。」
～天威大魔將寇維克斯"
Assassinate,10E,"「戰爭就是這樣贏的～不需兵士千萬，只消刀鋒一舞。」
—皇家刺客尤霖"
Stronghold Discipline,10E,在烏爾博格，每場叛亂的煽動者身上都沾滿前次叛亂者的鮮血。
Afflict,10E,除非給偷走，否則人們很少注意到自己的心跳。
Sylvan Basilisk,10E,"「我們還不清楚牠長什麼樣子，所以為安全起見，在走出去前誰都不准瞧任何東西。」
～資深探險家帕博準"
Dross Crocodile,10E,"「牠才冒出水面，氣味就撲鼻而來。 那令人作嘔的吐息散發著半消化的腐肉與牠自己發臭內臟的味道。」
～歐瑞克鬥士達夫力"
Mass of Ghouls,10E,"「山谷滿滿都是部隊，但我沒見過這種的。 裡面沒有帳棚，沒有馬匹...只有一望無際的人海，個個扭動呻吟著，好像整個瘟疫村莊都給派來侵略我們一樣。」
～歐尼亞斥候"
Distress,10E,"「話說眼睛是靈魂之窗。 我倒挺喜歡打破窗子往裡瞧。」
～懼像召喚師布蕾德"
Rain of Tears,10E,"「凡人殞命時，會有家人、朋友與夥伴為之哀悼。 大地殞命時，一切與之共亡，沒人能留下追悼。」
～天帷護林兵賈馨"
Goblin Lore,10E,「仔細聽好呀，年輕小鬼。 吃疙瘩蟲的方法很多，但我跟你講，最好的方法是全部搗碎，用兩片鼻涕蟲夾起來吃。」
Deluge,10E,"「生命來自大海，亦將歸於大海。 這個過程越快越好。」
～鱆皇阿博申"
Lure,10E,她所真正偷走的，是把士兵從崗位裡偷出來。
Agonizing Memories,10E,在戰事尾聲、殺戮早已結束後，最沉重的傷痛返家歇息。
Tangle Spider,10E,只有傳聞才能脫網而出。
Treasure Hunter,10E,「先人的寶藏屬於博物館，而不是盜墓人的髒手。」
Hidden Horror,10E,如果邪惡會大剌剌現身，就遠遠不會那麼危險。
Steel Golem,10E,"「造出完美之後，你還能作些什麼？」
～索地威工匠阿肯．達格森"
Juggernaut,10E,攻城巨車建造時刻意作成無法操縱或停止，因此只要將它們對準敵方防禦工事最強的地方，然後下令衝鋒即可。
Sculpting Steel,10E,某位神器師不慎把它掉落在擺滿錢幣的地窖中。 她到現在還沒能把它找出來。
Doubling Cube,10E,其表面刻滿密密麻麻的各式符文；只要你不盯著它，似乎就會自行變化。
Citanul Flute,10E,笛聲之每個音符都模仿不同野獸的呼喊。
Dreamborn Muse,10E,"「她的聲音蘊含洞察，敏銳而真實。」
～實相塑師意悉多"
Denizen of the Deep,10E,根據人魚傳說，深海潛獸在白日結束時吞下地平線，寒夜隨即籠罩汪洋。
Root Maze,10E,該停下片刻來思索這連綿竹叢，糾結樹皮，以及將你擊敗的迷宮。
Rootwater Matriarch,10E,在根潭深處、惡水之底，陸行者的護符毫無效用...除非當作誘餌。
The Hive,10E,"「它們的嗡聲讓我在一哩之外都感到骨頭震動。」
～獵寶者蓋藍提"
Chimeric Staff,10E,杖身解體、發出古怪的鏗鏘聲，化作遍布嘶響刀鋒的奇形異獸。
Graveborn Muse,10E,"「她的聲音蘊含咒詛，執拗而致命。」
～不可近的菲姬"
Field Marshal,10E,在堆積如山的地圖與互相矛盾的回報中，只有他才看得出埋藏其間的動向。
Mortal Combat,10E,群眾吼叫，戰士流血，而死屍高高堆起。 只有柯幫是贏家。
Hurkyl's Recall,10E,河鼓在拉特南學院的研究不足以阻止那兩兄弟，但她的咒藝讓數世紀以來的神器師懂得克制。
Cephalid Constable,10E,鱆人不管理人的治安。 他們要管的是忠誠問題。
Beacon of Destruction,10E,熔爐天恩之景象壯麗至極，但最好的景點可能讓你付出極高代價。
Enormous Baloth,10E,牠的食物包括水果，植物，林地裡的小動物，林地裡的大動物，林地，果園，果農，以及小城鎮。
Elven Riders,10E,「修索林不能隱藏太大的東西。 我們生存之道唯賴速度與技藝。」
Beacon of Unrest,10E,悚慄悽嚎劃破夜空，厄運禍音迴盪雲際。
Midnight Ritual,10E,深深埋葬老朋友，否則他們會帶著蟲來見你。
Fountain of Youth,10E,此泉水據傳是多明納里亞首度降下之雨水。
Wall of Air,10E,"若鷹不再飛翔，最好抬頭望望。
～費米瑞甫警語"
Composite Golem,10E,原是某位神器師的綜合素材實驗品，今為不同文化間的通譯。
Whispersilk Cloak,10E,這斗篷很受殺手與擔憂成其目標者歡迎。
Mind Stone,10E,"「不是靠年紀長智慧，而是靠才能。」
～普勞圖斯，《三個銅錢》"
Phyrexian Vault,10E,"「非瑞克西亞之祕密的代價非常昂貴。 你必須以銅與骨，鋼與腱來做代償。」
～凱雷威克"
Sift,10E,愈有吸引力的念頭愈需三思。
Unsummon,10E,陶拉里亞學徒在學習束縛乙太能量之前，早已學會如何將它釋放。
Benalish Knight,10E,"「我們稱之為『武裝的閃電』。」
～晴空號的傑拉爾德"
Thrull Surgeon,10E,「只要把上面拿掉一點。」
No Rest for the Wicked,10E,"「靈魂？ 這瑣碎的東西對我們毫無用處。」
～誕生牧師西垂克"
Wall of Fire,10E,爆裂的火焰既是障壁也是武器。
Rushwood Dryad,10E,對樹靈來說，林中的樹既是門口也是窗戶。
Twitch,10E,戰爭的致勝關鍵在於細微之處。
Rule of Law,10E,裁決所的成員由獅王親自指派，以確保所有爭端都得到最公正的解決。
Spitting Earth,10E,"「你們每人都擁有山崩般的潛力。」
～熊野勉勵弟子"
Burrenton Forge-Tender,LRW,「這小村住的都是鐵匠。 鍛冶爐對我們來說，就像涼冬午後的小火堆一樣舒服。」
Plover Knights,LRW,騎士是每次收穫節祭典的重頭戲。 一隊隊的騎士展演各種大膽戰技，讓底下的人看得開心。
Goldmeadow Harrier,LRW,"「此事早有明證：從黎明這側河岸射出的套索石飛得最遠最準。」
～布連屯仕紳迪根"
Kithkin Harbinger,LRW,再細微的聲音都逃不過她耳朵。
Wellgabber Apothecary,LRW,「我懂，你發現這道波尬咬痕了。 義勇軍不是追這個追很緊嗎？ ...啊，你留在鎮上好躲避納斯的行獵。 聰明。 瞧瞧這服糊藥...」
Lys Alana Huntmaster,LRW,從曉明殿最高的一層，直到蒙鳩地最暗的陰影，此號角的銀色音符在空氣中閃爍，讓聽聞者都為之牽動。
Kinsbaile Balloonist,LRW,即使巨人發怒讓天空強風亂颳，熱氣球兵的路線也不會被擾亂。
Lammastide Weave,LRW,「斷落的絲帶能把不祥眠夢趕走。」
Judge of Currents,LRW,雖然渠道的潮流年年不同，美洛從未分不清身在何處、該往何方。
Harpoon Sniper,LRW,美洛的脊弓以鬚嘴魚的骨頭製成，射出的箭能穿透樹幹。
Bog-Strider Ash,LRW,「若想測試智慧，不妨交給愚人好瞧瞧他們能如何將它搞壞。」
Shields of Velis Vel,LRW,化形可以依據四周活物最想要的東西來變化外型。
Oblivion Ring,LRW,糖蜜環圈與禁語一字。
Inkfathom Divers,LRW,"「若見過奧流，就不再會欣賞太陽與淺灘。」
～石溪群的黎安妲"
Streambed Aquitects,LRW,"「我們向河裡張望，只看到裂開的石頭。 有個美洛正在打量洛溫的地圖。」
～炎身燎靈師伊路蓮"
Sentinels of Glen Elendra,LRW,有人認為艾藍卓幽谷只是迷思，其傳說僅為仙靈的惡戲。 其他人則認為這是仙兒守護最嚴的秘密。
Pestermite,LRW,仙兒很清楚自己討人厭。 那正是他們現身的原因。
Ethereal Whiskergill,LRW,究竟鬚嘴魚是暗曲礁原有的生物或僅是萃夢之具現，靜修賢者為此爭辯不休。
Faerie Trickery,LRW,仙兒飛得快、生命又短，很難有機會因其惡戲付出代價。
Glimmerdust Nap,LRW,巨人之夢長似永時，深如大地。 對收穫眠夢的仙兒來說，是不可多得的珍寶。
Footbottom Feast,LRW,沼地瀰漫酸腐味，邀請著各繁殖地的波尬前來團聚歡宴。
Boggart Shenanigans,LRW,從水獺球到將死夥伴的吱叫，每種新感受都讓波尬迷醉不已。
Nath's Buffoon,LRW,史迷很快就學會了妖精舞蹈。 而最困難又最重要的步驟，就是在被納斯叫去表現之前別給他瞧見。
Ghostly Changeling,LRW,在最艱困的環境下，化形可能將外觀變化為奇想、回憶，或是恐懼。
Eyeblight's Ending,LRW,"「不具美感的東西是洛溫最大毒瘤。 篩除者的職責不討好，但的確必要。」
～黎撒拉那至美艾簡"
Warren-Scourge Elf,LRW,"「如果有人能把哪項美德與礙眼連在一起，那就是將它們處理掉時展現的天份。 我曾見過近乎藝術等級的波尬屠殺。」
～金葉篩除者菲雅拉"
Nectar Faerie,LRW,"「難以捉摸的仙兒有時搞破壞，有時也作好事。」
～蒙鳩地至美迪梅拉"
Dreamspoiler Witches,LRW,在夜間，仙靈偷走萃夢好獻給女王。 在黎明，無數生靈衰弱空洞地醒轉。
Black Poplar Shaman,LRW,它吸收其他樹妖的痛楚，自己卻也迷上與苦痛相伴的感覺。
Nightshade Stinger,LRW,"「大多數仙靈只是無害的搗蛋鬼。 但是，你不時地會碰上某個從搗蛋跨入惡意的傢伙。」
～加達提格"
Peppersmoke,LRW,仙靈塵的毒素提神又惱人，有如長期為打噴嚏所苦一般。
Flamekin Brawler,LRW,把人燙到最高點。
Inner-Flame Igniter,LRW,指引全軍的火光。
Smokebraider,LRW,「安靜傾聽內心火焰。 在那之後，你才能踏上火焰之道。」
Ceaseless Searblades,LRW,炎身的火焰只在他們不想燒時才會轉弱。
Soulbright Flamekin,LRW,炎身被挑撥之後，其內在火焰會比巨人的鍛爐還要猛烈。
Heat Shimmer,LRW,"「寧可燒盡，切勿熄滅。」
～炎身用語"
Quill-Slinger Boggart,LRW,"「金牧地的美好一天，是我不用花上整晚清理背上豪豬刺的日子。」
～潔英農夫卡力"
Tar Pitcher,LRW,"「尋寶大嬸抓到一隻山羊，這母羊在她懷中還扭著咩咩叫。 就在這時候，她的繁殖地決定要把熱焦油的感官經驗分享給她....」
～尋寶大嬸軼事"
Caterwauling Boggart,LRW,"「根據我的判斷，吊在棍子那端的那青蛙絕對不具任何意義。」
～加達提格"
Tarfire,LRW,"「大嬸把眼中的煤煙清理乾淨後，發現了件好事：火把那山羊變成某種聞起來很好吃的東西。」
～尋寶大嬸軼事"
Giant's Ire,LRW,能比把某東西丟到幾公里之外更痛快的，是用這方法把另一個讓你非常，非常不高興的東西砸爛。
Blades of Velis Vel,LRW,「化形與我們受一樣的苦。 我們得同心協力才能打倒暴君！」
Moonglove Winnower,LRW,篩除者與生俱來的使命就是消滅礙眼；那是妖精判定為醜陋得不該存在之物。
Leaf Gilder,LRW,黎撒拉那的至美艾簡命令數百株樹起身，好依照自己認定的美麗模樣重新栽下。 金葉林就此誕生。
Cloudcrown Oak,LRW,"「聰明人會把家建在雲冠樹附近。 如果哪個老鷹、甚至是仙靈想俯衝襲擊，就會給打飛到苜蓿谷去。」
～潔英農夫卡力"
Oakgnarl Warrior,LRW,「儘管漫遊，你的根總會留在所萌芽的堅固土壤中。」
Kithkin Mourncaller,LRW,艾簡的出獵充滿危險。 對著其獵物湧上時，所有人都害怕地將陣亡人數一次次重算。
Kithkin Daggerdare,LRW,潔英優雅地迴旋起舞，不只用來紀念生命中的大事，也建立起族人間堅定的忠誠連結，足以克服對死亡的恐懼。
Rootgrapple,LRW,"「這世上所有的森林秘密都刻在我年輪間。 而沒樹皮者的金屬劣物該在我樹根間腐壞。」
～末代紫杉柯芬諾"
Fertile Ground,LRW,漂亮，貴重，好吃～波尬小偷三準則。
Thousand-Year Elixir,LRW,矛盾的是，為了把這巨甕放斜來飲用，你必須以巨人興奮劑相助。
Moonglove Extract,LRW,若經稀釋，月地黃可以侵蝕生體組織。 若經萃取，只須一滴便可毒殺巨人。
Runed Stalactite,LRW,當化形變成其他同族未曾試過的形體，貝理貝洞窟便會出現符文以為紀錄。
Springleaf Drum,LRW,史刮試泥彈魚試了一下午，終於決定河鯉的聲音最好。
Wanderer's Twig,LRW,每倒下一株樹，就有無窮盡的新芽等著向上抽長。
Ponder,LRW,「我們見到的天空與你所見的一樣，只不過經由不同透鏡。」
Merrow Commerce,LRW,各群在洛溫的水道相遇混合。 藉由這活躍的交互影響，美洛的群體意識、智慧與交易技巧都隨之增長。
Guardian of Cloverdell,LRW,雖然樹妖關懷所有生物，但其中有許多特別偏愛能共感的潔英。
Sunrise Sovereign,LRW,他指引了上百世代，踩爛過上百軍隊，但也只說過上百個字，個個都比上百本書更受崇敬。
Veteran of the Depths,LRW,在美洛渠迴水處的石頭上，有著世世代代刻劃的計數痕跡，條條都代表著美洛士兵的勝利。
Makeshift Mannequin,LRW,"「這粗俗模仿現在結束了。」
～蒙鳩地至美迪梅拉"
Scarred Vinebreeder,LRW,外貌被毀的妖精，除了死與蕁麻藤之外沒什麼其他選擇。
Elvish Promenade,LRW,純良與無垢此二種姓構成妖精社會的底層，其上則是精英種姓。 而最頂層稱為至美，是貴族氣派與掠奪欲求的完美結合。
Wings of Velis Vel,LRW,化形魔法引發不尋常的願望。
Silvergill Adept,LRW,「我帶來知識的飾物，從傾耳浪間撈起的失落秘密。」
Imperious Perfect,LRW,在美感的文化中，會將最美麗者崇敬如神。
Faerie Tauntings,LRW,仙兒諸般惡戲背後都掩藏著一抹嘲弄，來自他們的神秘女王歐娜。
Ingot Chewer,LRW,元素是意念的具現。 這個就是「想打壞」的意念。
Protective Bubble,LRW,高明的美洛領道人一定能準時收到酬勞。
Consuming Bonfire,LRW,"「妖精利用樹妖把我們趕走。 該輪到我們把這工具清理掉。」
～煽火炎身維季佛"
Timber Protector,LRW,他只消現身，再尋常不過的樹叢都能化身為百咒不侵、千軍難破的堡壘。
Hearthcage Giant,LRW,炎身不過是他取暖所用的火種。
Ego Erasure,LRW,當一切都被剝奪，人人便得以平等。
Neck Snap,LRW,"「我們美洛在陸地上戰鬥也不該居劣勢。 那些只能從喉嚨呼吸的人比我們多一個弱點。」
～美洛理騎士米納林"
Goldmeadow Stalwart,LRW,紡思讓小村結為一體。 村人的希望與恐懼均與全體共享，只要威脅逼近任一個人，就能群起對抗。
Merrow Reejerey,LRW,理騎士沉穩如深流，引導群體的動向。
Lignify,LRW,伯高愣住了。 這沙沙聲響是怎麼回事，身體又為何如此僵硬？ 而他的腳怎會覺得那麼渴？
Mad Auntie,LRW,一份狡詐，一份智慧，以及很多，很多份的癲狂。
Boggart Loggers,LRW,點火大嬸把斧頭借給尼布與吉可，心想著之後可以聽他們分享經驗。 她還在等他們回來。
Squeaking Pie Sneak,LRW,"「我們這裡怎會吱吱響？ 都是我們藏的那些仙靈，老鼠，以及刺豬的聲音。」
～吱吱集的波普"
Knight of Meadowgrain,LRW,「根據傳統，在戰後兩天內我們絕口不提。 如果成就無法自顯光芒，又有什麼好提的？」
Wizened Cenn,LRW,「紡思將我們結成一體，如果有條線鬆脫，就會讓這精細的花樣散開。」
Immaculate Magistrate,LRW,無垢階級的妖精將植物織成活物～有時用來獻給出色戰士，有時用來創造無上藝術品。
Hunter of Eyeblights,LRW,史訥拼命地跑，但傳到耳朵裡的蹄聲卻越來越響。
Flamekin Spitfire,LRW,有些炎身戰士精研遠古的凝聚技術，這種訓練能駕馭混沌火焰，精準地聚於單點。
Thundercloud Shaman,LRW,只要能在面前清一條路，他才不在乎自己風暴帶來的災難。
Herbal Poultice,LRW,"「黎明把橘色葉子敷在傷口來清理，就可以讓同樣傷痛在黃昏前不再發生。」
～潔英的迷信"
Mudbutton Torchrunner,LRW,油一滴滴濺在頭顱上，他也逐漸接近最終點：擲蛙比賽與燒波尬火炬。
Sower of Temptation,LRW,一個幻法帶他離家千里。 下一個則將他對家園的記憶洗去，換成她所在的任一處。
Thorn of Amethyst,LRW,它是從深曲礁的洞窟中挖出來的，只在沒人看時放出明亮光芒。
"Sygg, River Guide",LRW,「只要是值得一去的地方，美洛渠都能抵達。 如果要問哪條路最適合，您已經在那路上了。」
Lowland Oaf,LRW,「我不知道為什麼那小東西那麼生氣。 他要我把他放下去，我就把他放下去。」
Masked Admirers,LRW,「美麗決定價值，而我們判定美麗。」
Gaddock Teeg,LRW,許多見過他的人都感覺面前挺立一位智慧廣博、身形偉岸的巨人，其智慧與精神令人佩服不已。
Arbiter of Knollridge,LRW,雖然巨人並非永生不死，但其壽命長到讓許多小傢伙無法相信他們真的會死。
Militia's Pride,LRW,如果與一個潔英交戰，就得準備與他們全體交戰。
Shapesharer,LRW,學得好，吃到老。
"Doran, the Siege Tower",LRW,「每個逝去年頭都在你心深處激盪回憶與力量。 揮動你的心，世界將為之震動。」
Dolmen Gate,LRW,洛溫的石頭與己身所從出之地互相呼應。 就算被帶往遠方，依舊能在四下寂靜時呼喚家園。
Rings of Brighthearth,LRW,"「若沒有火焰，就沒有鋼鐵工具、暖熱食物，也無法清理舊物好讓新物有空間成長。」
～明爐綱領"
Horde of Notions,LRW,就算是最老的樹妖，在洛溫最初神話誕生時也還是個橡實。
"Wort, Boggart Auntie",LRW,大嬸總是知道該舔哪顆莓子，該騙哪個潔英，還有這些事情搞砸之後該怎麼作。
"Wydwen, the Biting Gale",LRW,在明亮、天空無雲的世界中，她便是地平線上的黑暗風暴。
Fire-Belly Changeling,LRW,"「我耳朵說它嘶嘶叫。 我手指說它熱燙燙。」
～麥汁大嬸"
Flamekin Bladewhirl,LRW,"「妖精雖想囚禁我們，但終將明白火熱精神絕不受壓抑。」
～煽火炎身維季佛"
Shimmering Grotto,LRW,陽光在每年僅有一次射入貝理貝的密室中，化形會從遠方聚集而來，享受這不斷變幻的光線。
Elvish Eulogist,LRW,「不論我們的藝術技巧如何進展，所繪肖像絕對不可能捕捉活生生妖精的躍動風采。 或許這就是我們真正哀痛的原因。」
Mirror Entity,LRW,它沒察覺洛溫的多彩樣貌，視線中只有自己投向自己、反射千遍的視線。
Surgespanner,LRW,他們駕馭乙太波浪，將所有可能污染美洛渠的東西都沖走。
"Brigid, Hero of Kinsbaile",LRW,多虧了某位弓箭好手，讓英莊園的邊境從建物延長了一箭之遙。
Silvergill Douser,LRW,銀鰓群掌控渠道的流量，確保外來賤民不會干擾到趕路人。
Deeptread Merrow,LRW,「我在暗曲礁成功領航，卻使得墨湛群不高興。 他們自認是無與倫比的深潛者，但我只想提醒：他們無法擁有勇氣與狡詐這些好東西。」
Aquitect's Will,LRW,洛溫全境沒有美洛渠到不了的地方。
Hornet Harasser,LRW,"「雖然大嬸沒拿到蜂蜜，卻找到更有意思的東西。」
～尋寶大嬸軼事"
Goldmeadow Dodger,LRW,「我與巨人近得可以聞到他呼出的氣息，但對方依舊渾然不知。 不知道我這紀錄可以保持多久？」
Zephyr Net,LRW,仙靈把想當作裝飾品的人物掛在空中，比較著哪個聚群的作品能維持最久。
Stonybrook Angler,LRW,「天上，樹裡，土底都有水。 了解其動向，通曉其語言，以及內部流竄的暗流，你就能掌握一切活物。」
Boggart Birth Rite,LRW,大嬸高興地抱起啼哭的崽子， 「這傢伙長得真像百歐！ 說不定他會告訴我們在那裡見識的東西。」
Cenn's Heir,LRW,他以小村家族精神為支柱，但除非能學會如何展現自己的能力，才能以仕紳身分來管轄。
Facevaulter,LRW,若發現有新東西可以打爛，都會讓波尬興奮得忘掉誰會給踩扁。
Tideshaper Mystic,LRW,他以水滴與爍光描繪出僅存於飢渴心靈的世界。
Goatnapper,LRW,潔英山羊不過是拿來練習的。 真正的寶物，當然是巨人的雲山羊。
Thorntooth Witch,LRW,老樹一邊說著，樹枝一邊喀吱作響： 「小東西，你看來累極了。 來吧，喝一口我的溫釀。 它會讓你的活力立刻綻放。」
Kinsbaile Skirmisher,LRW,「如果哪個波尬膽敢接近族人，我馬上會曉得。 而且我會很不高興。」
Lys Alana Scarblade,LRW,在為美著迷的黎撒拉那，其刀鋒一劃區分了上流盛宴與糞堆覓食。
Dragon Roost,10E,巨龍自混沌山峰飛躍而出，如熔融怒流急速奔行。
War-Spike Changeling,MOR,"「洛溫的波尬不是夠多了嗎？ 難道不能換成羊？ 或是向日葵？」
～金牧地的歐力"
Changeling Sentinel,MOR,最令人不安的，莫過於把劍與跟你自己長得一樣的東西鎖在一起。
Game-Trail Changeling,MOR,"「這些可憐人呀，一輩子無法了解同個熟悉形體的樂趣；不過至少他們的外貌偶爾能變得尊貴美麗。」
～蒙鳩地至美迪梅拉"
Mothdust Changeling,MOR,"「看過化形飛到燈火裡嗎？」
～潔英農夫卡力"
Nath of the Gilt-Leaf,LRW,擁有王子氣度的不羈獵人。
Twinning Glass,LRW,要花上兩份工才能造出一面鏡子：熟練的金屬工匠在其中一面塗銀，自身的模糊投影則打磨另一面。
Lace with Moonglove,LRW,"「何者更毒：月地黃的花朵，或是妖精的心靈？」
～煽火炎身維季佛"
Hurly-Burly,LRW,"「事情像爐裡爆米花似地一發不可收拾。 歐力彈到豬圈裡頭，他的冠軍豬則壓在他身上，兩股尖叫聲聽來都像波尬一樣。」
～布連屯仕紳迪根"
Lairwatch Giant,LRW,巨人有數百年可以滋長恨意，打擾者都活該完蛋。
Crush Underfoot,LRW,"五根腳趾的墳墓
～潔英用語，意指
「巨人的腳印」"
Nameless Inversion,LRW,化形的影響可能造成戲劇性效果，其突然退卻也是一樣。
Stinkdrinker Daredevil,LRW,波尬總爭著要比別人帶回更厲害的東西，個個都希望自己的能像尋寶大嬸的收穫一樣出名。
Knucklebone Witch,LRW,每根骨頭都紀念著原主最棒的惡作劇。
Hunt Down,LRW,「兔腳羊與仙靈都不易獵捕，但我最愛的獵物是炎身。 他們被逼到無處可逃時，都會與我痛快打一場。」
Hamletback Goliath,LRW,"「如果你住在巨人背上，就只需要害怕一個人。」
～加達提格"
Favor of the Mighty,LRW,"「山為何要怕蒼蠅？ 巨人根本沒注意過我們，更別說懼怕了。」
～加達提格"
Summon the School,LRW,"「當美洛說話，聽的人也會長鰭。」
～潔英諺語"
Eyes of the Wisent,LRW,"平靜如野牛凝望
～妖精用語，意指「安全」"
Epic Proportions,LRW,小鬼變壯漢。
Surge of Thoughtweft,LRW,潔英將自身思想交織，製造出其他種族學不來的深層合作。
Mournwhelk,LRW,牠藏匿著洛溫少見的悲傷。
Fallowsage,LRW,據說在閒散的靜修賢者腦海中，陳年記憶仍在流動著。
Turtleshell Changeling,LRW,化形會不自主地模仿最接近者的外型，有時會把借來的殼換成借來的爪子。
Heal the Scars,LRW,妖精戰鬥魔法演變出兩個專項：製造帶疤傷口，以及無疤醫治傷口。 而政治會決定誰會得到哪一個。
Skeletal Changeling,LRW,雖然化形沒有真正的肉體與骨骼，依舊可以輕易模仿出來。
Gilt-Leaf Seer,LRW,迪梅拉把手下預言師弄瞎，好把自己的美貌深烙入她們最後的影像回憶中。 而這卻讓她們的預知能力大增。
Avian Changeling,LRW,牠今日隨鳥群飛翔。 明日牠醒來時，可能發現鳥群已不在，身體也變成陌生的型態。
Woodland Changeling,LRW,不論自己是否喜歡，化形都無法拒絕新型體的誘惑。
Warren Pilferers,LRW,「你到底要這些東西作什麼用？ 它們是死的。 我們活著。 夠簡單了吧。」
Thoughtseize,LRW,「任何眠夢都是醇厚的收穫。 不過，我還是偏好被時間消蝕、折磨著受苦心靈又充滿含義的夢想。」
Hillcomber Giant,LRW,巨人珍視自己在洛溫岩山上找到的化石，認為那是在時間中凍結的夢。
Battle Mastery,LRW,"「轟！ 轟！ 靴子大如牛車，斧頭好似落日。 砍倒妖精。 砍倒大樹。 就連小丘都得逃到山上去！」
～《小村軼聞錄》"
Axegrinder Giant,LRW,脾氣最糟的巨人通常是最厲害的武器匠。 其恨意驅使他們一面不斷以鍛爐打磨武器，一面自顧自地怒罵著。
Drowner of Secrets,LRW,美洛自認為洛溫傳統的守護者～也自認其職責包括了有需要時得修正之。
Kithkin Healer,LRW,紡思這種共感本能，讓潔英治療師不僅治標、更能治本。
Needle Drop,LRW,"「先是濱鳥與漂念精， 現在又掉下標槍大小的針。」
～潔英農夫卡力"
Glen Elendra Pranksters,LRW,被仙靈輪拉走的人，會發現自己孤身在千里之外。
Seedguide Ash,LRW,「願你能庇蔭三代的苗木。」
Forced Fruition,LRW,"「孩子，瓣中有瓣更見瓣。」 豐富幻影底下掩藏著事實。」
～靜修賢者尼迪夫"
Prowess of the Fair,LRW,妖精決鬥是場絕景：優雅的戰士，交碰的鋼鐵，然後是美麗飛散的血花。
Boggart Forager,LRW,"「伸進這洞，會少隻手。 伸進那洞，卻有寶藏。」
～大嬸警語"
Elvish Branchbender,LRW,「藤枝有何感覺？ 哼！ 操偶師要人偶跳舞，怎需要問它的想法？」
Final Revels,LRW,這甜香刺鼻的氣味一聞就令人興奮～或替人送終。
Elvish Handservant,LRW,妖精最難學會的就是謙卑。 得要有位巨人才能教會他們。
Exiled Boggart,LRW,在波尬之間，唯一算數的規則是：所有新的寶物與經驗都必須分享。 偷藏收獲者會犯下這唯一真正算數的滔天大罪。
Kithkin Greatheart,LRW,有時候好奇的巨人會挑個「小東西」來同行數日，卻不曉得這對小東西的生命有多大影響。
Spiderwig Boggart,LRW,點火大嬸是第一個戴上蜘蛛假髮的；這堆蜘蛛適合拿來穿戴而不適合吃掉。
Boggart Sprite-Chaser,LRW,"「大嬸讓仙靈明白了會飛的波尬能作怪到什麼地步，於是誕生一段美麗新友情。」
～尋寶大嬸軼事"
Fodder Launch,LRW,若要有噁心又致命的投射武器，交給波尬就行。
Oona's Prowler,LRW,仙靈皇后歐娜在艾藍卓幽谷深處綻放著，以諸般秘密滋養，用竊來眠夢茁壯。
Familiar's Ruse,LRW,仙靈天性善變，正好可當干擾魔法的生體透鏡。
Scapeshift,MOR,"「到了季末，遠比樹葉變色更大的改變正等著我們。」
～末代紫杉柯芬諾"
Blind-Spot Giant,LRW,這愛好獨居的巨人族很少會團隊合作， 但他偶爾也想聽到「往你下方左邊打」的叫聲。
Wild Ricochet,LRW,「早在你曾祖母的曾祖母還沒出生前，我就曉得這把戲了。」
Sylvan Echoes,LRW,要有領獵人的眼光才能辨識神秘獵物的輪廓。
Incremental Growth,LRW,"「在橋下吊隻老鼠，你的甘藍菜就會長到三倍大。」
～潔英的迷信"
Sensation Gorger,MOR,再多，再多，再多！
Maralen of the Mornsong,MOR,馬拉蘭把最重要的任務都交給薇莎，安卓，伊留娜～也就是薇安留聚群。
Hostile Realm,MOR,當強大元素誕生時，洛溫地表為之猛烈爆發。 炎身利用其落塵掩護好深入敵境。
Heritage Druid,MOR,"「研究當代與過往的崇高靈魂；修剪逸出血緣主幹的秘密。」
～金葉高位德魯伊緹拉"
Bosk Banneret,MOR,在細語樹叢深處，樹木記憶流傳數世紀；由綠與銅色構成的簡單旗標，代表了年輪數量比仙靈一生日子還要多的長者。
Kindled Fury,MOR,"「萬物均暗藏火焰。 修行就是為了在逐漸淡忘前將它展現出來。」
～炎身燎靈師伊路蓮"
Negate,MOR,祕術大師很欣賞此等絕妙弔詭： 他們深沉又複雜的祕法會導出簡單至極的結果～只需說出是或否兩字的能力。
Lunk Errant,MOR,"「一個就夠，」美洛觀察的結語。
「還太多了。」波尬同意著。"
Mosquito Guard,MOR,他瞄準目標如同蚊子般精確，但從不出聲讓人提防。
Rivals' Duel,MOR,他們只有一個共識：有一個得死。
Frogtosser Banneret,MOR,擲蛙人把羽毛，骨頭，以及過去劫掠的戰利品縫在戰旗上，相信這些倒楣鬼的憤怒會讓繁殖地更強大。
Stonehewer Giant,MOR,「不論體格多壯，沒帶武裝的戰士只不過是個蠢蛋。」
Sigil Tracer,MOR,「映影是真的。 你自身才是扭曲假象。」
Preeminent Captain,MOR,「如果你想要個能帶領弟兄上前線的模範，可以從前鋒部隊找起。」
Fendeep Summoner,MOR,「沒頂者並未遭遺忘。 我將達成誓言。 回到我身邊吧，伙伴；如同已回到你身邊的我。」
Ballyrush Banneret,MOR,潔英的戰旗只用兔腳羊身上最常曬到太陽之部位的羊毛織成。 牧羊人在剪羊毛之前，會紀錄下羊隻的每個動作。
Mind Spring,MOR,思緒碎片經過折射與散射，化為炫目智慧奔流而出。
Final-Sting Faerie,MOR,許多英雄的最後一眼，是看到利劍彼端的蔑笑。
Rhys the Exiled,MOR,曾是著名獵手與狼群使，現為尋覓自身路途的反叛者。
Bitterblossom,MOR,在洛溫的短暫午後時光，太陽會在地平線停留一會，剛好足以讓某些種類的紫羅蘭開花，散出作弄的香味。
Feudkiller's Verdict,MOR,「力量有各種形式，但若擁有心靈的力量，就能為人追隨。」 ～弒仇嘉藍妲
Brighthearth Banneret,MOR,此旗標象徵明爐的善意。 其密使將自族火焰專長禮贈給他族。
Stonybrook Banneret,MOR,美洛的閃爍旗標以鱒魚鱗片與小龍蝦鬚製成，在水中擺動時猶如閃電。
Burrenton Shield-Bearers,MOR,潔英的全身全靈都與小村聯成一體。 他們戰鬥起來勇猛無比，甚至不顧自身安危。
Wandering Graybeard,MOR,他的故事情節誇大程度一如其身高，還得長命如巨人才能全聽完。
Burrenton Bombardier,MOR,瓶子不但可拿來壓艙，能藉以控制方向，運氣好的話還可當成下方同伴的防護咒語。
Merrow Witsniper,MOR,「水界線上頭的世界必須好好監視～有必要時更得出手調整。」
Stingmoggie,MOR,被刺貓靈動過手腳的路徑，應該就會領人入歧途。
Blightsoil Druid,MOR,「瞧瞧死亡之美：潔白的骨頭躺在肥沃土壤上，月地黃鮮豔的花朵從底下的土地長出來。」
Earthbrawn,MOR,格利彌終於感到接觸了大自然～也覺得這經驗該與別人分享。
Prickly Boggart,MOR,"「就算沒刺，又有誰敢碰？」
～蒙鳩地至美迪梅拉"
Stream of Unconsciousness,MOR,夢想如此誘人，是因為人在其中感到力量無窮。 夢想如此危險，是因為那力量只是謊言。
Mutavault,MOR,有些貝理貝出生的化形雖從未返鄉，但其精髓也未曾離開。
Disperse,MOR,格瑞菲朝著天色皺眉。 雲朵破壞了這大好狩獵天； 他希望雲能趕快消失。 而在他頭上，雲朵也正朝著下方皺眉，並許下自己的希望。
Wolf-Skull Shaman,MOR,眾聲嚎叫回應了他的呼喚。
Swell of Courage,MOR,「塑潮可不光是弄出幾個水坑而已。」
Warren Weirding,MOR,"「此時才首度發現：波尬只有半個腦。」
～《他族通論》"
Weight of Conscience,MOR,有時「雙肩如荷世界之重」不只是誇飾法。
Weed-Pruner Poplar,MOR,"「百歐彎腰要拔些根來煮，卻沒想到根會把他給扯回去。」
～麥汁大嬸的故事"
Dewdrop Spy,MOR,只有歐娜身上的露珠，才清澈得足以透視受擾者的心靈。
Shard Volley,MOR,「讓山脈的利牙穿透壓迫者。」
Daily Regimen,MOR,自我放縱所打壞的，會由紀律重建。
Sage of Fables,MOR,「沒有不能賣的祕密。」
Cenn's Tactician,MOR,計畫雖碰上瓶頸，但她總能以同志忠誠來解決。
Spitebellows,MOR,災難張口襲擊平靜大地。
Idyllic Tutor,MOR,"「受福者面臨的所有生命習題，都將在適當的時機出現解決之道。」
～《潔英全考》"
Festercreep,MOR,腐行靈從不孤單。 它本身就是一波瘋狂傳染。
Hunting Triad,MOR,「礙眼很容易找； 循著不完美追蹤即可。」
Indomitable Ancients,MOR,"「只有歐度與廣軀才有力量來對抗毀滅者墨然。 他們的戰鬥持續了一百次日出，墨然最後累得倒地睡著。 他醒來後就變成了植樹者墨然。」
～《歐度與廣軀的故事》"
Everbark Shaman,MOR,「願你再度萌智，從種子長成幼苗，再長出感知。」
Boldwyr Intimidator,MOR,「現在大家都知道你算個啥了。」
Sage's Dousing,MOR,"「這些美洛跟這些搗蛋都該死！ 從靠近河邊以來，我每次打噴嚏都會弄得一身髒。」
～朝聖客灰兒"
Orchard Warden,MOR,「甫萌智的樹妖，其心靈與肢體都正年輕可塑，最能夠接受我們的教誨。」
Ambassador Oak,MOR,樹妖與妖精共享樹林的好處，但其實妖精只是覺得從高處往下看的風景不錯。
Elvish Warrior,MOR,優雅如鹿躍小溪，強悍如狼伏岸叢；妖精勇士是樹林的眼目，也是其未斂之利爪。
Weirding Shaman,MOR,每個波尬都有大嬸，卻不是每個都有媽。
Seething Pathblazer,MOR,"「炎身之葬儀既優雅又壯觀。 他們最大的恐懼便是死而無人聞問。」
～觀世者托列的旅行日誌"
Borderland Behemoth,MOR,巨人只會分享自身怒火。
Stenchskipper,MOR,"「許多人相信它具現了波尬的所有骯髒污穢。 我則認為它少碰為妙～而且該盡量躲到它上風處。」
～仕紳迪根"
Distant Melody,MOR,歐娜之歌有如走調的晚餐鈴聲。 所有仙靈都回到家中，只留下歐娜進餐，享用著他們獻上的竊來眠夢與流言。
Boldwyr Heavyweights,MOR,旅途上的巨人就算不願意，也一定會引人注目。
Graceful Reprieve,MOR,「在瀕死瞬間，我看到來世的景象；一片漆黑，不懷好意。 我想在暗境中藏身，卻被那道光拉了回來。」
Bramblewood Paragon,MOR,想自她劍下逃生的人，只不過能趴著死去而已。
Luminescent Rain,MOR,洛溫的暴風雨不會敲打村莊屋頂，只會以琥珀色閃電將小村完全浸透。
Vengeful Firebrand,MOR,戰士火焰從不熄滅。
Sunflare Shaman,MOR,能燃起已熄之心的火種。
Roar of the Crowd,MOR,孤單發聲猶如投石入海； 千人齊聲則能驚天動地。
Greatbow Doyen,MOR,「我的箭一定找得到你。」
Pack's Disdain,MOR,有如太陽之於花朵，族人的崇敬眼神正是妖精的養分。 若被阻絕，則必將枯萎。
Stonybrook Schoolmaster,MOR,美洛群很少是依約集合而成。 通常的模式是一個個熱心向學之士圍繞著智者，由此而自然誕生。
Declaration of Naught,MOR,每個故事都有個結局，即使是仙靈的故事也一樣。
Scarblade Elite,MOR,「該感恩啊，礙眼。 在你的最後一刻，把你送進墳的人讓你終於變得美麗。」
Kinsbaile Cavalier,MOR,許多潔英都能左右手同使。 紡思將慣用左手與慣用右手之人的心靈連結起來，讓雙方都能學會彼此的技巧。
Battletide Alchemist,MOR,「我不治病。 治病代表了已經有痛苦； 而為了停止苦難，必須同時對抗世界上所有的創傷。」
Taurean Mauler,MOR,強如瀑布， 怒如山崩， 慧如狂風。
Gilt-Leaf Archdruid,MOR,「在我們手上，自然世界可以比自然能變成的樣子更美。」
Ancient Amphitheater,LRW,仲裁者弒仇嘉藍妲從超然視野來裁定洛溫各種糾紛。
Gilt-Leaf Palace,LRW,金葉林的崇高宮殿稱為曉明殿，以一層層的木材與權力建成。
Wanderwine Hub,LRW,在大河底下，繁忙的中繼站連通著各項美洛交易。
Auntie's Hovel,LRW,臭飲繁殖地堆成小山的拾荒雜物，其規模大到可以開個門口。
Secluded Glen,LRW,以幻法與智謀為守衛，仙兒女王歐娜安憩於艾藍卓幽谷。
Order of the Golden Cricket,MOR,「若動了騎乘兔腳羊的念頭，務請記住：有更簡單的方式能飛起來，也有更痛的方式來撞破頭。」 ～苜蓿谷的朗恩
Deglamer,MOR,幻影的裝扮越討喜，其赤裸身形就越醜惡。
Reach of Branches,MOR,成長沒有盡頭。
Obsidian Battle-Axe,MOR,這是點燃戰士怒火的引子。
Mind Shatter,MOR,黑暗思緒在心靈中成形、扭曲，用盡力氣想飛出來。
Fencer Clique,MOR,"你也可以試著拍死仙靈
～炎身用語，意指
「不可能」"
Violet Pall,MOR,仙靈正是歐娜與作弄的結晶。
Forfend,MOR,"「突然間冒出了座保衛小村的要塞，其牆壁由勇氣劈成、以榮耀粉刷。」
～《小村軼聞錄》"
Shared Animosity,MOR,"「靈魂的本性，就是一同燃燒會比個別的光采更旺。」
～煽火炎身維季佛"
Lumengrid Warden,9ED,他此生此世都將獨身佇立水銀海旁， 凝視著深鎖於黑暗尖塔的古籍，自中汲取知識。
Thought Courier,9ED,「有種類別可以滿足你所有需求：專注，浮動，污穢，純淨，科學，哲理，之後，甚至事前。 只要點代價。」
Air Elemental,9ED,祈禱它不會突然關心起你的肺部健康。
Bog Imp,9ED,把牠想成是有翅膀的屠刀。
Chastise,9ED,"「為何要向聖祖靈禱告？ 因為她必細心聆聽。」
～秘教長老"
Dark Banishing,9ED,"「嘿，放逐？ 慈悲一點，判我死吧，
流放帶著恐怖的面貌，
比死亡更教我畏懼。」
～威廉‧莎士比亞，"
Eager Cadet,9ED,「訓練？ 對我來說，看到自己的莊稼被燒得一乾二淨，就是最好的訓練了。」
Fugitive Wizard,9ED,拉特南學院經常被迫把作了太危險或太殘忍實驗的學生逐走。
Giant Cockroach,9ED,陶倫的這大半輩子曾從許許多多的蟲身上踩過；所以當一隻蟲居然從他身上踏過時，他不禁感到驚慌。
Giant Octopus,9ED,"「在我眼前的可怕怪物，真是足以列入奇聞傳說裏面呢. . . . 腦袋上長的與其說是八隻胳膊，倒不如說是八隻腳. . . 有它身軀的兩倍長，像瘋婆子的頭髮那樣亂舞。」
～朱爾．凡爾納，《海底兩萬里》 Lewis"
Glory Seeker,9ED,戰局的逆轉總是起於某位士兵帶頭返身奮戰。
Grizzly Bears,9ED,莫嘗試與多明納里亞的灰棕熊賽跑，它會抓住你、弄倒你，並吃掉你。 當然，你也可以逃上樹， 如此一來，在牠弄倒樹並吃掉你前，你還能欣賞一陣子風景。
Hill Giant,9ED,幸運地，山丘巨人有著可讓人類輕易躲藏的大盲點； 不幸地，這些盲點正位於其腳底下。
Honor Guard,9ED,一分力量， 十分勇氣。
Lava Axe,9ED,「接招！」
Looming Shade,9ED,在黑暗中進食，於夢魘裡繁衍。
Mind Rot,9ED,"「精神攻擊最美妙之處，就是中招者根本不記得自己中了招。」
～瓦拉司"
Naturalize,9ED,"「嗯，還有個漂亮花瓶可用呢. . . .」
～索地威工匠阿肯．達格森"
Norwood Ranger,9ED,樹林之歌和諧無比。 只要一個音符走調，妖精都能找出源頭。
Ogre Taskmaster,9ED,三個鬼怪來飲酒， 工頭撞見逃不久。
Pacifism,9ED,在葛瑞克的一生中，這是他首次感到內心的溫情與暖意。
Rampant Growth,9ED,大自然為她的問題而栽培答案。
Remove Soul,9ED,當敵手無兵可用，便是你勝利之時。
Rod of Ruin,9ED,這支棍棒是遠古時期的遺物. . . 那是個殘忍、惡毒、心靈敗壞的年代。
Sacred Nectar,9ED,"「在銀白聖山上，
瓊漿泉湧之處，
     我將親吻
     狂喜之杯；
暢飲靈魂喜樂. . . .」
～瓦爾特‧雷利爵士，「朝聖」"
Scathe Zombies,9ED,"「它們呻吟、碰撞，站起身來，
口不言語，眼不理睬；
看到死人如此復生，
即使在夢中，還是很古怪。」
～山繆‧泰勒‧柯律芝，
「古舟子詠」"
Shock,9ED,"「我曾見過鬼怪向著雷霆風暴咆哮。 這場架他很快就吵輸了。」
～流浪法師"
Soul Feast,9ED,吃誰就會像誰。
Storm Crow,9ED,暴風烏鴉來臨，漫漫嚴冬無盡； 暴風烏鴉離境，炎炎盛夏方興。
Suntail Hawk,9ED,目如炫日，鳴似寒風。
Trained Armodon,9ED,盾皮象是訓練來踩東西的。 敵人的東西。
Vengeance,9ED,苦澀如青蒿，甜美如香酒。
Volcanic Hammer,9ED,火焰在炎熱的鍛冶爐中找到自己的形式。
Wind Drake,9ED,"「但她穿越天際與白晝
直到所有牽掛之上
彼處無塵俗羈絆她的飛翔
也沒有陰影蒙蔽道路」
～托瑪斯‧摩爾，「假如我有翅膀」"
Goblin Brigand,9ED,就像上膛大砲～一瞄就射。
Bottle Gnomes,9ED,增援. . . 或是點心？
Counsel of the Soratami,9ED,「智慧不是去計數瀑布中有多少水滴， 而是學習為何水要奔向土地。」
Leonin Skyhunter,9ED,曾有個獅族仰望天空，想要獵捕頭頂上的飛鳥；空獵者就此誕生。
Llanowar Elves,9ED,"每踩斷腳下一根樹枝就打斷一根骨頭。
～羅堰族對非法入侵者的罰則"
Levitation,9ED,當巴林發現原來他必須幫許多學生回到地面時，以他們為傲的感覺便已不再。
Spined Wurm,9ED,"「孩子，我不會待在那亞龍前面。 當然我也不會待在牠後面。 事實上呢，待在那亞龍身旁不是明智之舉， 快跑才是上策！」
～流浪法師"
Act of Treason,M11,"「怒火在每顆心中奔流，嚷叫著要叛離這天生囚籠。」
～薩坎沃"
AEther Adept,M11,有些法師要獨自一人才能發揮所長。 其他的則長於創造獨自一人的環境。
Air Servant,M11,"「風強勁卻無形。 它能擊落天空的龍，又能輕易鑽過最小的裂縫。」
～傑特墜亞，《元素與永恆》"
Ajani's Mantra,M11,"「他還沒回到白雲樹林，但我依舊能感到他令人心安的存在感。」
～納雅的查立琪"
Ajani's Pridemate,M11,"「只要一個享福，整群都能享福。」
～金鬃賈佐"
Alluring Siren,M11,"「地上遍佈人身血塊，
殺戮化沙灘為惡境。
歌聲傳遍危險海岸，
切莫讓它透入耳中！ 此乃死亡之聲！」
～荷馬，《奧德賽》"
Ancient Hellkite,M11,當巨龍出擊，沒人能當旁觀者。
Angel's Feather,M11,若遭冒犯，它將劃破強奪之手。 若係饋送，它將治癒領受之手。
Arc Runner,M11,荒原的風暴來得快又猛；其中只有很少數才會降雨。
Armored Ascension,M11,納西提在草原練出一身絕活，也在草原上空盡情展現。
Armored Cancrix,M11,由於曾橫掃多明納里亞的時間災禍，時間錯置的生物依舊每年都會出現。
Assassinate,M11,"「戰爭就是這樣贏的～不需兵士千萬，只消刀鋒一舞。」
～皇家刺客尤霖"
Assault Griffin,M11,"「精英部隊鎮守北方前線。 他們只需注意地面敵軍，絲毫不用掛慮天空。」
～阿維托拉將軍"
Autumn's Veil,M11,樹靈留下的蹤跡，只有葉子沙沙作響與影子一閃而過。
Awakener Druid,M11,每一個毬果都受到麻柵德魯伊的敬重，因它終將成為戰士。
Azure Drake,M11,比起「暴風雨」或「海盜」，水手更不想聽到「龍獸」這詞。
Back to Nature,M11,"「大自然是變化莫測的雲朵，總是不會一樣。」
～愛默生，《隨筆》"
Baneslayer Angel,M11,有些天使負責保護弱小與無辜者。 其他的則征伐邪惡潛藏處。
Barony Vampire,M11,「可憐的陽光子民，怎會在宵禁時刻出門呢。 想想看，要不是那麼接近晚餐時分，你說不定還能活下去。」
Berserkers of Blood Ridge,M11,他們立下血誓，死就該死在戰場上。 還沒人違背過諾言。
Birds of Paradise,M11,"「神明用牠們的羽毛來為世界著色。」
～格拉莫樹林守衛葉提娃"
Blinding Mage,M11,「真理光芒與我同行。 毋須同情因其盲目者，因為他們的眼睛本就看不到。」
Blood Tithe,M11,深紅王座雖無人入座，但庫房可是滿的。
Bloodcrazed Goblin,M11,"「一滴鮮血就能引起他們注意，而在你有時間死掉之前，他們早把你的骨架拆散。」
～索道峰隱者賈米斯"
Bloodthrone Vampire,M11,「下等人經常忘記自己不是住客，也不是僕人，只是財產。」
Bog Raiders,M11,殭屍是完美的沼地戰士～它們不用呼吸，也不管自己踏進何處。
Brindle Boar,M11,這戰爭持續數代。 野豬再也不用獵捕食物了； 牠們靠死屍過活，而活人餵飽牠們來過活。
Brittle Effigy,M11,"「我在早期的避邪符實驗中，發現脆弱構造也有其用途。」
～馬提涅公爵羅卡提"
Call to Mind,M11,"「很難說哪一項比較令人滿足：尋找失落的那塊，或是把它拼回去。」
～艾佛拉格斯"
Canyon Minotaur,M11,"「我們要爬上這些懸崖，橫越危橋，然後從另一側的火山坡一路打下去。」
「這不正是橫越峽谷的最短路徑？」
「對。」
「那麼我們難道～」
「不能。」"
Celestial Purge,M11,"「他們說只有好人不長命。 你顯然是例外之一。」
～艾佛門僧侶戴羅巴"
Chandra's Outrage,M11,"「她的心靈是情緒與力量的驚人混合。 就算我能掌握住，也無法控制太久。」
～傑斯貝連評茜卓納拉"
Chandra's Spitfire,M11,「什麼東西我幾乎都放火燒過了～樹，石頭，甚至是水。 現在該來燒燒雲。」
Child of Night,M11,吸血鬼對虧欠她的世間復仇，一次次地用兩個小孔討回來。
Clone,M11,變形獸模仿得有如雙胞胎般相同，卻又似鏡子般無情。
Cloud Crusader,M11,每位十字軍都在兒時與幼獅鷲締結聯繫，隨後兩者如兄弟般共同成長。
Cloud Elemental,M11,"「遍布天空的生命與樹林及深海中的一樣多。」
～卡拉谷博物學家哈地卡登"
Condemn,M11,"「既然需簽署的文件一無遺漏，仲裁者當然會放過你。 但我現在就要主持正義！」
～波洛斯公會法師阿勞涅"
Corrupt,M11,沼地之力睡得很淺，醒時很餓。
Crystal Ball,M11,它閃爍著神祕的真相，只有懂得窺奧之法的人才能解讀。
Cultivate,M11,所有種子都互相連結成一體，永遠地彼此呼喚著。
Dark Tutelage,M11,"「吃得苦中苦，方為人上人。」
～塞內卡，《書信集》"
Deathmark,M11,躲過死印的方法不多：與惡魔談條件，浸浴在傳說中的青春泉水，以及最理所當然的，先去尋死。
Demon of Death's Gate,M11,受詛者囚籠的鎖，要用骨頭，肌腱，與鮮血打造的鑰匙開啟。
Demon's Horn,M11,其彎弧好似生與死的糾結。
Destructive Force,M11,世界末日不太會安靜降臨。
Diabolic Tutor,M11,智者總不忘留神傾聽力量的細語。
Diminish,M11,"「『真是好險！』愛麗絲說道，仍因這突然的改變而驚魂甫定，但很高興自己依舊安好。」
～路易斯卡羅，《愛麗絲夢遊仙境》"
Disentomb,M11,亡者軍隊總能回報「已充分休息」。
Doom Blade,M11,虛空中無一物，卻銳利似鐵。
Dragon's Claw,M11,"「如果有永不熄滅的火焰，就一定是在巨龍喉頭。」
～薩坎沃"
Dryad's Favor,M11,她賦與的知識能讓人橫越樹林間的無形連結。
Duress,M11,"「別擔心， 我不會把你所有的祕密都奪走。 我只拿最珍貴的那個。」
～莉蓮娜維斯"
Earth Servant,M11,"「火，大氣，水； 這些元素會向外擴散，填滿自己不在的空間。 但土卻像鬧脾氣的小孩一樣不肯動。」
～傑特墜亞，《元素與永恆》"
Elite Vanguard,M11,先鋒相當拿手於獨身作戰。 敵人經常在後援部隊趕到前就給打敗。
Elixir of Immortality,M11,"「瓶裝的生命。 風味不太如我意，也不新鮮，但起碼功效相同。」
～辛格男爵"
Elvish Archdruid,M11,他能說出在過去四世紀中誕生的每個妖精名字。 更重要的是，他們全都認識他。
Ember Hauler,M11,弗洛的粗糙鬼怪語言無法分別「我帶來火焰」與「我就是火焰」的差異。
Excommunicate,M11,"「我們的法律禁止極刑。 我們相信：即使是犯下最重罪行者，也該給他們機會自我救贖。」
～護靈師朵莉恩夏"
Fauna Shaman,M11,她戴的飾符包含了每種自己能喚出的生物。
Fiery Hellhound,M11,"「我曾期望將守衛犬的忠貞精神注入其間，但火焰的力量讓牠天生就無從預測。」
～沙地亞元素師馬加斯"
Fire Servant,M11,"「元素火焰閃著玫瑰色彩，與俗世火焰還有個不同之處：熄滅後煙冒得很久。」
～傑特墜亞，《元素與永恆》"
Flashfreeze,M11,"「你敗亡之因不是由於你的無知、貧弱或傲慢，而是你的溫熱血液。」
～霜風會首領亥達"
Fling,M11,有時砲兵得當成砲彈。
Fog,M11,"「我害怕的不是軍隊或野獸，而是晨霧。 我們的襲擊就只贏不過這個。」
～席爾涅領主"
Foresee,M11,兩隻眼睛看著能成就的，兩隻眼睛看著將成就的。
Gargoyle Sentinel,M11,"「別以為這樣毫無動靜的壁壘就一定無人看守。 有些東西只在有必要時才會動起來。」
～攻城指揮官波諾瓦"
Garruk's Packleader,M11,"「他的長壽讓他多聞。 而且與自私的人類不同，他很樂於分享。」
～召獸使賈路"
Giant Spider,M11,巨型蜘蛛的絲天生就會抵抗重力，幾乎是自動結成遮蔽整個樹冠層的網。
Goblin Balloon Brigade,M11,「敵人靠太近了！ 快！ 給青蛙充氣！」
Goblin Chieftain,M11,「我們是鬼怪族，數代酋長以來的山脈帝國傳人。不到死不休息，縱火就是戰爭的動力。」
Goblin Piker,M11,當他搞清楚這東西哪一頭是尖端時，便晉升為守衛。
Goblin Tunneler,M11,"「你永遠料不到鬼怪隧道裡面會有些什麼東西。 就算在最好的情況下，裡面也會有鬼怪。」
～阿庫姆探險隊的莎琦兒"
Goldenglow Moth,M11,"「小小蛾，飄飄光，
今晚帶來好運道？」
～賓納里亞童謠"
Grave Titan,M11,死亡的可運作實體。
Gravedigger,M11,文明與不死族末世錄之間，僅隔著一層薄土。
Greater Basilisk,M11,白骨，石頭...對肚餓的蜥怪來說，味道都一樣。
Harbor Serpent,M11,牠是個喜怒無常的主子，就如同大多數被村民如神景仰的巨大怪獸一樣。
Holy Strength,M11,"「第一個孩子在陽光下誕生，將會尋找榮耀的基礎，且有正義加護。」
～繁星法典"
Honor of the Pure,M11,團結一心的士兵有如金鋒，能斬盡敵人、剿滅黑暗。
Hornet Sting,M11,勾葛直到那時～並且痛苦至極地～才明白黃蜂不產蜜。
Howling Banshee,M11,村民以魔法讓這小鎮寂靜無聲，但他們的耳朵依舊會流血。
Hunters' Feast,M11,獵捕刺牙犀牛的人必須備妥能抬起獵物的咒語～花上十二名獵人都抬不動牠身體。
Incite,M11,法師的合理化矯飾悉數剝落，露出底下的怨恨與憤怒。
Infantry Veteran,M11,「任一個傻瓜都能拿劍衝入戰團。 要活到最後，就得靠著領導力與經驗的眷顧。」
Inspired Charge,M11,"「不可能！ 我們怎會給打到潰敗？ 我們有路障，戰象...而且他們數量不到我們的一成！」
～阿維托拉將軍"
Jace's Erasure,M11,「你該試著清空停滯的思緒。 如果你沒法子，我能作到。」
Jace's Ingenuity,M11,「蠻力有時能踢開上鎖的門，但知識可是把萬能鑰。」
Jinxed Idol,M11,「尊貴的朋友啊，請務必要收下這份心意。 我堅持。」
Juggernaut,M11,偉大的安喀拉城，數千年的豐富歷史結晶，在三小時內崩毀。
Kraken's Eye,M11,它見過整個世界陷入無底汪洋深淵的神奇景象。
Lava Axe,M11,來自山脈中心，去向法師心肺。
Liliana's Caress,M11,「如果你別那麼用力掙扎，就不會那麼痛了。但你應該還是會。」
Liliana's Specter,M11,"「最優秀的僕從不需我動口，就知道我要什麼。」
～莉蓮娜維斯"
Llanowar Elves,M11,"每踩斷腳下一根樹枝就打斷一根骨頭。
～羅堰族對非法入侵者的罰則"
Mana Leak,M11,任何計劃中最大的漏洞，即是假設你所知道的比敵人多。
Manic Vandal,M11,就是好玩。 他不需要別的理由。
Maritime Guard,M11,人魚在凱普蕭海曾興盛一時，卻幾遭獵捕殆盡。 他們已度過這段黑暗時期，謹慎地堅定生存下去。
Merfolk Sovereign,M11,「要效法海洋：在不可移之物旁流動；然後便專心一致、不斷地向它衝撞。」
Mighty Leap,M11,"「南方要塞落入敵手？ 嘿，是啊...等大象都會飛的時候吧。」
～守衛隊長束弓布列札"
Mind Control,M11,"「心靈：強大的武器，也是更大的弱點。」
～傑斯貝連"
Mind Rot,M11,思想不全都是好的。
Nantuko Shade,M11,螳人生時靠著崇敬自然來研究它。 他們死後藉由開膛剖腹來研究它。
Naturalize,M11,"「大自然不需裝飾品。」
～召獸使賈路"
Nature's Spiral,M11,蝸牛殼，蕨，龍捲風～世界以形狀連結一切。
Negate,M11,祕術大師很欣賞此等絕妙弔詭： 他們深沉又複雜的祕法會導出簡單至極的結果～只需說出是或否兩字的能力。
Nether Horror,M11,"「我的夢想變得黑暗，滲入了清醒時刻。 這恐怖懼獸是咒藝與夢魘的融合。」
～沙洲窪巫師珊尼娃"
Nightwing Shade,M11,"「就算我們不值勤，夜中依舊一片寂靜。」
～守望隊長瑟娃"
Ornithopter,M11,不論哪個世紀、哪個時空或哪個種族，神器師總會創作出撲翼機來。
Pacifism,M11,在葛瑞克的一生中，這是他首次感到內心的溫情與暖意。
Palace Guard,M11,「數量上的劣勢還不如他們的體臭來得讓我難受。」
Phantom Beast,M11,無形且危險，一如恐懼。
Platinum Angel,M11,她是神器師手藝的極致，以賤金屬呼喚出的神性精魂。
Plummet,M11,高位德魯伊對樹說：「你是最了不起的。」 它們因此為自己的樹皮與枝幹驕傲無比，甚至無法忍受生物飛過頭頂，或是在樹枝上歇息。
Primeval Titan,M11,當大自然呼叫時，跑。
Prized Unicorn,M11,"「其神奇犄角引發的佔有慾能導致濃烈的嗜血貪欲，讓所有見到這獨角獸的人都要殺掉牠好獨占犄角。」
～妖精高位德魯伊戴歐諾"
Prodigal Pyromancer,M11,「我在看什麼？ 灰燼，死人。」
Pyretic Ritual,M11,多重宇宙充滿了無限的力量，等著被人找出來利用。
Pyroclasm,M11,"「誰會想一個個點火？」
～茜卓納拉"
Quag Sickness,M11,法比沒被可怕的沼氣毒死。 但當他痛苦無助地躺在淤泥中，眼睜睜看著食屍鬼與老鼠向他逼近，他希望自己早該給毒死。
Reassembling Skeleton,M11,雖然都是同樣的一組骨頭，但你眼前不會出現兩個同樣的骷髏妖。
Redirect,M11,"「你的計策很了不起。 我只是作些細部調整。」
～印迪要塞護衛維理斯"
Reverberate,M11,"「我不是優柔寡斷。 我只是不愛讓自己的選擇受限。」
～烈焰術士瑪蒂"
Rise from the Grave,M11,"「死亡不是抗命的藉口。」
～莉蓮娜維斯"
Rotting Legion,M11,殭屍只有一種速度：搖搖晃晃。
Royal Assassin,M11,刺客是國王最信任的訊使，就連最不願聽聞此訊息者也一定會收到。
Runeclaw Bear,M11,"「大自然已厭倦了人的索求無度，要開始替她的造物加上配備，好執行血腥命令。」
～卡拉谷博物學家哈地卡登"
Sacred Wolf,M11,"「我舉起弓，那狼便盯著我瞧。 給牠這樣看著，我的手指竟沒辦法鬆開弓弦。」
～獵戶阿烈"
Safe Passage,M11,天使翅翼一振，便將戰火斥退。
Scroll Thief,M11,我知道如何切斷守護，撬開鎖，解讀亞格語言～早在我讀過這卷軸之前！
Serra Angel,M11,完美的意志效命於完美的正義。
Siege Mastodon,M11,"「惡人的牆壁將在我們面前倒塌。 備好攻城機械。 我們要上陣了！」
～阿維托拉將軍"
Sign in Blood,M11,微小痛苦為巨大力量鋪路。
Silence,M11,"「用寂靜片刻反省身負罪惡。」
～獲贖靈魂教團的克雷夫"
Silvercoat Lion,M11,"「在野地，我這樣的白色皮毛是劣等血統。 我們缺乏天然的偽裝，但無法匿蹤的劣勢激起了其他的長處。」
～金鬃阿耶尼"
Sleep,M11,"「我給他們的幻夢奇妙無比，讓他們捨不得回到清醒的世界。」
～人魚法師加俐得"
Solemn Offering,M11,"「建議奉獻寶物。」
「此建議為強制性。」
～殿中標語"
Sorcerer's Strongbox,M11,寡言的西牧將自己最珍貴的思緒裝滿此櫃。 但在一次恐慌發作中，他將自己藏鑰匙之處的記憶給鎖上了。
Spined Wurm,M11,"「他們既像植物又像動物。 稍微不注意，他們就會扼殺其他生命。」
～卡拉谷博物學家哈地卡登"
Stabbing Pain,M11,"「只要知道對方身上哪邊是軟的，你差不多就能打贏任何生物。」
～曲軀師嘎特"
Steel Overseer,M11,"「這世界已經靠各種機械來運作著。 有一天，它們會提醒我們這事實。」
～神器師莎琪亥"
Stone Golem,M11,其雕塑師一如其他的藝師，將心血與靈魂注入自己的作品。 但這甫甦醒的魔像決定了：自己需要創造者其他更加具象的部分。
Stormfront Pegasus,M11,"「飛馬群在夏末奔掠長空。 腳步無聲地擾動雲朵，雨水因此降下。」
～暴鋒寓言"
Sun Titan,M11,永不落下的烈日。
Sword of Vengeance,M11,只要握在真信者手上，這把劍是古物還是摹製品都不重要。
Sylvan Ranger,M11,「路不全都開在樹林地面。」
Temple Bell,M11,敲鐘或聆鐘並不會帶來領悟。 你得在隨後的寂靜中追尋。
Thunder Strike,M11,閃電反應，雷霆力量。
Time Reversal,M11,"「樂觀者把世界看成自己想要的樣子。 悲觀者把世界看成現在的樣子。 這些角色難道真的完全沒交集嗎？」
～艾佛拉格斯"
Tireless Missionaries,M11,如果他們達成了自己的神聖工作，這教團將歡喜地消失無蹤，因為已不再有尚待救贖的靈魂。
Tome Scour,M11,天賦總被過度評價，尤其是別人的天賦。
Traumatize,M11,他僅剩的回憶，只剛好夠了解他已失去的部分。
Triskelion,M11,"「為何壞事總成三？」
～探險隊生還者基蘇"
Unholy Strength,M11,"「第二個孩子在月光下誕生，將會因誘惑而失足，並從心中暗處追求力量。」
～繁星法典"
Unsummon,M11,"「你闖進我的現實了。 下次記得先問過我。」
～寡言的西牧"
Viscera Seer,M11,碰上生死大事，他信賴他的膽識。
Volcanic Strength,M11,他的熱血沸騰，爆出岩石重拳。
Voltaic Key,M11,每個拼圖所缺的那一塊。
Vulshok Berserker,M11,他將用自己的雙手開創他的傳說。
Wall of Frost,M11,"「它來得好。 牧野沒了雜草，狼也給凍成冰塊。」
～山羊牧人盧美"
Wall of Vines,M11,藤蔓一如所有叢林植物，必須奮力擠出空間來爭奪陽光。 一旦保住了位置，它們便長得更韌，更尖銳，也更牢固。
War Priest of Thune,M11,「但願刺入邪惡胸膛的利劍與箭矢能夠依舊純潔無瑕。」
Warlord's Axe,M11,用它來劈木頭根本是暴殄天物。 這工具只有一個目的，那就是戰爭。
Water Servant,M11,"「這生物天生有著覺察力。 牠知道何時該從浪潮中現身，何時該隱身其間。」
～傑特墜亞，《元素與永恆》"
Wild Griffin,M11,農人通常一群羊會養十三隻～一隻在去市場的路上誘開獅鷲，好讓另外十二隻可以抵達。
Wurm's Tooth,M11,"「那巨大亞龍張口向我咬來。 但我並沒給咬得血肉飛濺，而正好滑進牠缺牙的空隙裡。 只是一顆牙齒～卻是至高的恩澤。」
～《歐連得奇譚》"
Yavimaya Wurm,M11,在其他地方，是巨大無比。 在亞維瑪雅樹林，算平凡無奇。
