"Agrus Kos, Wojek Veteran",Boros Legion
Boros Garrison,Boros Legion
Boros Guildmage,Boros Legion
Boros Recruit,Boros Legion
Boros Swiftblade,Boros Legion
Brightflame,Boros Legion
Firemane Angel,Boros Legion
Flame-kin Zealot,Boros Legion
Lightning Helix,Boros Legion
Master Warcraft,Boros Legion
Rally the Righteous,Boros Legion
"Razia, Boros Archangel",Boros Legion
Razia's Purification,Boros Legion
Sacred Foundry,Boros Legion
Searing Meditation,Boros Legion
Skyknight Legionnaire,Boros Legion
Sunhome Enforcer,Boros Legion
Thundersong Trumpeter,Boros Legion
Bathe In Light,Boros Legion
Boros Fury-Shield,Boros Legion
Boros Signet,Boros Legion
Cleansing Beam,Boros Legion
Flash Conscription,Boros Legion
Incite Hysteria,Boros Legion
Leave No Trace,Boros Legion
Ordruun Commando,Boros Legion
Screeching Griffin,Boros Legion
Sunforger,Boros Legion
"Sunhome, Fortress of the Legion",Boros Legion
Surge of Zeal,Boros Legion
Wojek Apothecary,Boros Legion
Wojek Embermage,Boros Legion
Wojek Siren,Boros Legion
Autochthon Wurm,Selesyna Conclave
Centaur Safeguard,Selesyna Conclave
Chorus of the Conclave,Selesyna Conclave
Congregation at Dawn,Selesyna Conclave
Glare of Subdual,Selesyna Conclave
Guardian of Vitu-Ghazi,Selesyna Conclave
Loxodon Hierarch,Selesyna Conclave
Phytohydra,Selesyna Conclave
Pollenbright Wings,Selesyna Conclave
Privileged Position,Selesyna Conclave
Seeds of Strength,Selesyna Conclave
Selesnya Sagittars,Selesyna Conclave
Selesnya Guildmage,Selesyna Conclave
Selesnya Evangel,Selesyna Conclave
Selesnya Sanctuary,Selesyna Conclave
Temple Garden,Selesyna Conclave
Tolsimir Wolfblood,Selesyna Conclave
Watchwolf,Selesyna Conclave
Chord of Calling,Selesyna Conclave
Chant of Vitu-Ghazi,Selesyna Conclave
Conclave Equenaut,Selesyna Conclave
Conclave Phalanx,Selesyna Conclave
Conclave's Blessing,Selesyna Conclave
Crown of Convergence,Selesyna Conclave
Devouring Light,Selesyna Conclave
Dryad's Caress,Selesyna Conclave
Gather Courage,Selesyna Conclave
Hour of Reckoning,Selesyna Conclave
Overwhelm,Selesyna Conclave
Root-Kin Ally,Selesyna Conclave
Scatter the Seeds,Selesyna Conclave
Seed Spark,Selesyna Conclave
Selesnya Signet,Selesyna Conclave
Siege Wurm,Selesyna Conclave
Sundering Vitae,Selesyna Conclave
Transluminant,Selesyna Conclave
"Vitu-Ghazi, the City-Tree",Selesyna Conclave
Votary of the Conclave,Selesyna Conclave
"Circu, Dimir Lobotomist",House Dimir
Clutch of the Undercity,House Dimir
Consult the Necrosages,House Dimir
Dimir Aqueduct,House Dimir
Dimir Cutpurse,House Dimir
Dimir Doppelganger,House Dimir
Dimir Guildmage,House Dimir
Dimir Infiltrator,House Dimir
Glimpse the Unthinkable,House Dimir
Lurking Informant,House Dimir
Mindleech Mass,House Dimir
Moroii,House Dimir
Perplex,House Dimir
Psychic Drain,House Dimir
Shadow of Doubt,House Dimir
Twisted Justice,House Dimir
"Szadek, Lord of Secrets",House Dimir
Watery Grave,House Dimir
Bloodletter Quill,House Dimir
Brainspoil,House Dimir
Dimir House Guard,House Dimir
Dimir Machinations,House Dimir
Dimir Signet,House Dimir
Dizzy Spell,House Dimir
Drift of Phantasms,House Dimir
"Duskmantle, House of Shadow",House Dimir
Ethereal Usher,House Dimir
Grozoth,House Dimir
Induce Paranoia,House Dimir
Muddle the Mixture,House Dimir
Netherborn Phalanx,House Dimir
Ribbons of Night,House Dimir
Roofstalker Wight,House Dimir
Shred Memory,House Dimir
Bloodbond March,The Golgari
Dark Heart of the Wood,The Golgari
Drooling Groodion,The Golgari
Gaze of the Gorgon,The Golgari
Gleancrawler,The Golgari
Golgari Germination,The Golgari
Golgari Guildmage,The Golgari
Golgari Rot Farm,The Golgari
Golgari Rotwurm,The Golgari
Grave-Shell Scarab,The Golgari
Overgrown Tomb,The Golgari
Putrefy,The Golgari
"Savra, Queen of the Golgari",The Golgari
Shambling Shell,The Golgari
Sisters of Stone Death,The Golgari
Vulturous Zombie,The Golgari
Woodwraith Corrupter,The Golgari
Woodwraith Strangler,The Golgari
Darkblast,The Golgari
Elves of Deep Shadow,The Golgari
Golgari Grave-Troll,The Golgari
Golgari Brownscale,The Golgari
Golgari Signet,The Golgari
Golgari Thug,The Golgari
Greater Mossdog,The Golgari
Life from the Loam,The Golgari
Moldervine Cloak,The Golgari
Mortipede,The Golgari
Necroplasm,The Golgari
Nightmare Void,The Golgari
Plague Boiler,The Golgari
Rolling Spoil,The Golgari
Stinkweed Imp,The Golgari
"Svogthos, the Restless Tomb",The Golgari
Vigor Mortis,The Golgari
Battering Wurm,Gruul
Bloodscale Prowler,Gruul
Borborygmos,Gruul
Burning-Tree Bloodscale,Gruul
Burning-Tree Shaman,Gruul
Feral Animist,Gruul
Ghor-Clan Bloodscale,Gruul
Ghor-Clan Savage,Gruul
Giant Solifuge,Gruul
Gristleback,Gruul
Gruul Guildmage,Gruul
Gruul Nodorog,Gruul
Gruul Scrapper,Gruul
Gruul Signet,Gruul
Gruul Turf,Gruul
Gruul War Plow,Gruul
Hypervolt Grasp,Gruul
Killer Instinct,Gruul
Petrified Wood-Kin,Gruul
Rabble-Rouser,Gruul
Rumbling Slum,Gruul
Savage Twister,Gruul
Scab-Clan Mauler,Gruul
"Skarrg, the Rage Pits",Gruul
Skarrgan Firebird,Gruul
Skarrgan Pit-Skulk,Gruul
Skarrgan Skybreaker,Gruul
Stomping Ground,Gruul
Streetbreaker Wurm,Gruul
Tin Street Hooligan,Gruul
"Ulasht, the Hate Seed",Gruul
Wild Cantor,Gruul
Wreak Havoc,Gruul
Cerebral Vortex,Izzet
Djinn Illuminatus,Izzet
Electrolyze,Izzet
Gelectrode,Izzet
Gigadrowse,Izzet
Goblin Flectomancer,Izzet
Invoke the Firemind,Izzet
Izzet Boilerworks,Izzet
Izzet Chronarch,Izzet
Izzet Guildmage,Izzet
Izzet Signet,Izzet
Leap of Flame,Izzet
Mimeofacture,Izzet
Mizzium Transreliquat,Izzet
"Nivix, Aerie of the Firemind",Izzet
"Niv-Mizzet, the Firemind",Izzet
Ogre Savant,Izzet
Petrahydrox,Izzet
Pyromatics,Izzet
Schismotivate,Izzet
Shattering Spree,Izzet
Siege of Towers,Izzet
Steam Vents,Izzet
Steamcore Weird,Izzet
Stitch in Time,Izzet
Thunderheads,Izzet
Tibor and Lumia,Izzet
Torch Drake,Izzet
Train of Thought,Izzet
Vacuumelt,Izzet
Wee Dragonauts,Izzet
Absolver Thrull,Orzhov
Agent of Masks,Orzhov
Angel of Despair,Orzhov
Belfry Spirit,Orzhov
Benediction of Moons,Orzhov
Blind Hunter,Orzhov
Castigate,Orzhov
Conjurer's Ban,Orzhov
Cry of Contrition,Orzhov
Culling Sun,Orzhov
Debtors' Knell,Orzhov
Exhumer Thrull,Orzhov
Ghost Council of Orzhova,Orzhov
Godless Shrine,Orzhov
Graven Dominator,Orzhov
Moratorium Stone,Orzhov
Mortify,Orzhov
Mourning Thrull,Orzhov
Orzhov Basilica,Orzhov
Orzhov Euthanist,Orzhov
Orzhov Guildmage,Orzhov
Orzhov Pontiff,Orzhov
Orzhov Signet,Orzhov
"Orzhova, the Church of Deals",Orzhov
Ostiary Thrull,Orzhov
Pillory of the Sleepless,Orzhov
Revenant Patriarch,Orzhov
Seize the Soul,Orzhov
Shadow Lance,Orzhov
Shrieking Grotesque,Orzhov
Souls of the Faultless,Orzhov
"Teysa, Orzhov Scion",Orzhov
AEthermage's Touch,Azorius Senate
Anthem of Rakdos,Cult of Rakdos
Aquastrand Spider,The Simic
Assault Zeppelid,The Simic
Avatar of Discord,Cult of Rakdos
Azorius AEthermage,Azorius Senate
Azorius Chancery,Azorius Senate
Azorius First-Wing,Azorius Senate
Azorius Guildmage,Azorius Senate
Azorius Herald,Azorius Senate
Azorius Ploy,Azorius Senate
Azorius Signet,Azorius Senate
Biomantic Mastery,The Simic
Blood Crypt,Cult of Rakdos
Bound,The Golgari
Determined,The Simic
Breeding Pool,The Simic
Cackling Flames,Cult of Rakdos
Coiling Oracle,The Simic
Court Hussar,Azorius Senate
Crime,Orzhov
Punishment,The Golgari
Crypt Champion,Cult of Rakdos
Cytoplast Manipulator,The Simic
Cytoplast Root-Kin,The Simic
Cytoshape,The Simic
Cytospawn Shambler,The Simic
Demonfire,Cult of Rakdos
Demon's Jester,Cult of Rakdos
Dovescape,Azorius Senate
Dread Slag,Cult of Rakdos
Evolution Vat,The Simic
Experiment Kraj,The Simic
Gobhobbler Rats,Cult of Rakdos
Govern the Guildless,Azorius Senate
Grand Arbiter Augustin IV,Azorius Senate
Hallowed Fountain,Azorius Senate
Helium Squirter,The Simic
Hellhole Rats,Cult of Rakdos
Hide,Boros Legion
Seek,Orzhov
Hit,Cult of Rakdos
Run,Gruul
Infernal Tutor,Cult of Rakdos
Isperia the Inscrutable,Azorius Senate
Jagged Poppet,Cult of Rakdos
Kill-Suit Cultist,Cult of Rakdos
Leafdrake Roost,The Simic
"Lyzolda, the Blood Witch",Cult of Rakdos
Minister of Impediments,Azorius Senate
"Momir Vig, Simic Visionary",The Simic
Nettling Curse,Cult of Rakdos
Nihilistic Glee,Cult of Rakdos
Novijen Sages,The Simic
"Novijen, Heart of Progress",The Simic
Ocular Halo,Azorius Senate
Odds,Izzet
Ends,Boros Legion
Omnibian,The Simic
Overrule,Azorius Senate
Pain Magnification,Cult of Rakdos
Paladin of Prahv,Azorius Senate
Palliation Accord,Azorius Senate
Patagia Viper,The Simic
Plaxcaster Frogling,The Simic
Plaxmanta,The Simic
Plumes of Peace,Azorius Senate
"Prahv, Spires of Order",Azorius Senate
Pride of the Clouds,Azorius Senate
Proclamation of Rebirth,Azorius Senate
Pure,Gruul
Simple,Selesyna Conclave
Ragamuffyn,Cult of Rakdos
Rain of Gore,Cult of Rakdos
Rakdos Augermage,Cult of Rakdos
Rakdos Carnarium,Cult of Rakdos
Rakdos Guildmage,Cult of Rakdos
Rakdos Ickspitter,Cult of Rakdos
Rakdos Pit Dragon,Cult of Rakdos
Rakdos Riteknife,Cult of Rakdos
Rakdos Signet,Cult of Rakdos
Rakdos the Defiler,Cult of Rakdos
Research,The Simic
Development,Izzet
Riot Spikes,Cult of Rakdos
Rise,House Dimir
Fall,Cult of Rakdos
"Rix Maadi, Dungeon Palace",Cult of Rakdos
Shielding Plax,The Simic
Silkwing Scout,The Simic
Simic Basilisk,The Simic
Simic Growth Chamber,The Simic
Simic Guildmage,The Simic
Simic Initiate,The Simic
Simic Ragworm,The Simic
Simic Signet,The Simic
Simic Sky Swallower,The Simic
Sky Hussar,Azorius Senate
Skyscribing,Azorius Senate
Slaughterhouse Bouncer,Cult of Rakdos
Slithering Shade,Cult of Rakdos
Soulsworn Jury,Azorius Senate
Sporeback Troll,The Simic
Squealing Devil,Cult of Rakdos
Steeling Stance,Azorius Senate
Supply,Selesyna Conclave
Demand,Azorius Senate
Swift Silence,Azorius Senate
Taste for Mayhem,Cult of Rakdos
Trial,Azorius Senate
Error,House Dimir
Trygon Predator,The Simic
Twinstrike,Cult of Rakdos
Vigean Graftmage,The Simic
Vigean Hydropon,The Simic
Vigean Intuition,The Simic
Walking Archive,Azorius Senate
Windreaver,Azorius Senate
Wrecking Ball,Cult of Rakdos
Writ of Passage,Azorius Senate
